{
  "accuracy": 0.6695555555555556,
  "correct_predictions": 3013,
  "total_samples": 4500,
  "total_time_seconds": 21363.87216448784,
  "average_time_per_sample": 4.747527147663964,
  "samples_per_second": 0.21063597298059752,
  "is_intermediate": true,
  "timestamp": "20250709_174529"
}