{
  "accuracy": 0.668,
  "correct_predictions": 167,
  "total_samples": 250,
  "total_time_seconds": 1148.7399671077728,
  "average_time_per_sample": 4.594959868431092,
  "samples_per_second": 0.21762975708892127,
  "is_intermediate": true,
  "timestamp": "20250709_120834"
}