{
  "accuracy": 0.6853179190751445,
  "correct_predictions": 5928,
  "total_samples": 8650,
  "total_time_seconds": 40426.422656297684,
  "average_time_per_sample": 4.673574873560426,
  "samples_per_second": 0.213968969590548,
  "is_intermediate": true,
  "timestamp": "20250709_230312"
}