{
  "accuracy": 0.5,
  "correct_predictions": 5,
  "total_samples": 10,
  "total_time_seconds": 47.26823306083679,
  "average_time_per_sample": 4.726823306083679,
  "samples_per_second": 0.21155857438397274
}