{
  "accuracy": 0.6673529411764706,
  "correct_predictions": 4538,
  "total_samples": 6800,
  "total_time_seconds": 32082.137684345245,
  "average_time_per_sample": 4.7179614241684185,
  "samples_per_second": 0.21195595090654193,
  "is_intermediate": true,
  "timestamp": "20250709_204408"
}