{
  "accuracy": 0.655483870967742,
  "correct_predictions": 1016,
  "total_samples": 1550,
  "total_time_seconds": 7337.938036441803,
  "average_time_per_sample": 4.734153571897937,
  "samples_per_second": 0.21123100144786744,
  "is_intermediate": true,
  "timestamp": "20250709_135143"
}