{
  "accuracy": 0.6751898734177215,
  "correct_predictions": 5334,
  "total_samples": 7900,
  "total_time_seconds": 37167.855660676956,
  "average_time_per_sample": 4.7047918557818935,
  "samples_per_second": 0.21254925417605094,
  "is_intermediate": true,
  "timestamp": "20250709_220853"
}