{
  "accuracy": 0.6792638036809816,
  "correct_predictions": 5536,
  "total_samples": 8150,
  "total_time_seconds": 38235.08158159256,
  "average_time_per_sample": 4.691421052956143,
  "samples_per_second": 0.2131550310049198,
  "is_intermediate": true,
  "timestamp": "20250709_222641"
}