{
  "accuracy": 0.6609375,
  "correct_predictions": 2115,
  "total_samples": 3200,
  "total_time_seconds": 15193.034410715103,
  "average_time_per_sample": 4.74782325334847,
  "samples_per_second": 0.21062283632709702,
  "is_intermediate": true,
  "timestamp": "20250709_160239"
}