{
  "accuracy": 0.6565217391304348,
  "correct_predictions": 755,
  "total_samples": 1150,
  "total_time_seconds": 5470.657470703125,
  "average_time_per_sample": 4.757093452785326,
  "samples_per_second": 0.21021239332905894,
  "is_intermediate": true,
  "timestamp": "20250709_132036"
}