{
  "accuracy": 0.6688524590163935,
  "correct_predictions": 4080,
  "total_samples": 6100,
  "total_time_seconds": 28791.995097398758,
  "average_time_per_sample": 4.719999196294879,
  "samples_per_second": 0.2118644428551987,
  "is_intermediate": true,
  "timestamp": "20250709_194918"
}