{
  "accuracy": 0.6630434782608695,
  "correct_predictions": 1525,
  "total_samples": 2300,
  "total_time_seconds": 10913.354316711426,
  "average_time_per_sample": 4.74493665943975,
  "samples_per_second": 0.21075096924857015,
  "is_intermediate": true,
  "timestamp": "20250709_145119"
}