{
  "accuracy": 0.6685057471264367,
  "correct_predictions": 2908,
  "total_samples": 4350,
  "total_time_seconds": 20661.872235059738,
  "average_time_per_sample": 4.74985568622063,
  "samples_per_second": 0.2105327121623944,
  "is_intermediate": true,
  "timestamp": "20250709_173347"
}