{
  "accuracy": 0.6708496732026143,
  "correct_predictions": 5132,
  "total_samples": 7650,
  "total_time_seconds": 36052.1436188221,
  "average_time_per_sample": 4.712698512264327,
  "samples_per_second": 0.21219265297739714,
  "is_intermediate": true,
  "timestamp": "20250709_215018"
}