{
  "accuracy": 0.6558974358974359,
  "correct_predictions": 1279,
  "total_samples": 1950,
  "total_time_seconds": 9251.629551887512,
  "average_time_per_sample": 4.744425411224365,
  "samples_per_second": 0.21077367928141502,
  "is_intermediate": true,
  "timestamp": "20250709_142337"
}