{
  "accuracy": 0.6628571428571428,
  "correct_predictions": 232,
  "total_samples": 350,
  "total_time_seconds": 1602.9753196239471,
  "average_time_per_sample": 4.579929484639849,
  "samples_per_second": 0.21834397305761943,
  "is_intermediate": true,
  "timestamp": "20250709_121609"
}