{
  "accuracy": 0.66734375,
  "correct_predictions": 4271,
  "total_samples": 6400,
  "total_time_seconds": 30262.458640813828,
  "average_time_per_sample": 4.7285091626271605,
  "samples_per_second": 0.21148314735302318,
  "is_intermediate": true,
  "timestamp": "20250709_201348"
}