{
  "accuracy": 0.6611940298507463,
  "correct_predictions": 2215,
  "total_samples": 3350,
  "total_time_seconds": 15880.334771156311,
  "average_time_per_sample": 4.740398439151138,
  "samples_per_second": 0.21095273168199546,
  "is_intermediate": true,
  "timestamp": "20250709_161406"
}