{
  "accuracy": 0.6685714285714286,
  "correct_predictions": 468,
  "total_samples": 700,
  "total_time_seconds": 3242.218787431717,
  "average_time_per_sample": 4.631741124902453,
  "samples_per_second": 0.21590153098659212,
  "is_intermediate": true,
  "timestamp": "20250709_124328"
}