{
  "accuracy": 0.6817964071856287,
  "correct_predictions": 5693,
  "total_samples": 8350,
  "total_time_seconds": 39120.494279146194,
  "average_time_per_sample": 4.68508913522709,
  "samples_per_second": 0.21344311092846036,
  "is_intermediate": true,
  "timestamp": "20250709_224126"
}