{
  "total_samples": 2,
  "correct_predictions": 0,
  "accuracy": 0.0,
  "total_time": 20.153921127319336,
  "average_time_per_sample": 10.076960563659668,
  "samples_per_second": 0.0992362720567032
}