{
  "samples_processed": 4350,
  "correct_predictions": 0,
  "accuracy": 0.0,
  "elapsed_time": 28749.945122003555,
  "average_time_per_sample": 6.609182786667484
}