{
  "samples_processed": 4050,
  "correct_predictions": 0,
  "accuracy": 0.0,
  "elapsed_time": 26736.00028347969,
  "average_time_per_sample": 6.601481551476467
}