{
  "samples_processed": 800,
  "correct_predictions": 0,
  "accuracy": 0.0,
  "elapsed_time": 5182.027510404587,
  "average_time_per_sample": 6.477534388005734
}