{
  "samples_processed": 6500,
  "correct_predictions": 0,
  "accuracy": 0.0,
  "elapsed_time": 42401.659064531326,
  "average_time_per_sample": 6.52333216377405
}