{
  "samples_processed": 3350,
  "correct_predictions": 0,
  "accuracy": 0.0,
  "elapsed_time": 22096.267703533173,
  "average_time_per_sample": 6.595900807024828
}