{
  "samples_processed": 1850,
  "correct_predictions": 0,
  "accuracy": 0.0,
  "elapsed_time": 11830.117632865906,
  "average_time_per_sample": 6.394658179927517
}