{
  "samples_processed": 7350,
  "correct_predictions": 0,
  "accuracy": 0.0,
  "elapsed_time": 47643.93130278587,
  "average_time_per_sample": 6.482167524188554
}