{
  "samples_processed": 3250,
  "correct_predictions": 0,
  "accuracy": 0.0,
  "elapsed_time": 21392.008840560913,
  "average_time_per_sample": 6.582156566326435
}