{
  "samples_processed": 4900,
  "correct_predictions": 0,
  "accuracy": 0.0,
  "elapsed_time": 32207.972163438797,
  "average_time_per_sample": 6.573055543558938
}