{
  "samples_processed": 6650,
  "correct_predictions": 0,
  "accuracy": 0.0,
  "elapsed_time": 43298.851959466934,
  "average_time_per_sample": 6.5111055578145764
}