{
  "samples_processed": 1750,
  "correct_predictions": 0,
  "accuracy": 0.0,
  "elapsed_time": 11230.259860038757,
  "average_time_per_sample": 6.417291348593576
}