{
  "samples_processed": 950,
  "correct_predictions": 0,
  "accuracy": 0.0,
  "elapsed_time": 6155.83069896698,
  "average_time_per_sample": 6.479821788386294
}