{
  "samples_processed": 6150,
  "correct_predictions": 0,
  "accuracy": 0.0,
  "elapsed_time": 40132.37315773964,
  "average_time_per_sample": 6.525589131339779
}