{
  "samples_processed": 2350,
  "correct_predictions": 0,
  "accuracy": 0.0,
  "elapsed_time": 15396.748113632202,
  "average_time_per_sample": 6.551807707928597
}