{
  "samples_processed": 7150,
  "correct_predictions": 0,
  "accuracy": 0.0,
  "elapsed_time": 46316.79533910751,
  "average_time_per_sample": 6.477873474001051
}