{
  "samples_processed": 6000,
  "correct_predictions": 0,
  "accuracy": 0.0,
  "elapsed_time": 39173.96094369888,
  "average_time_per_sample": 6.528993490616481
}