{
  "samples_processed": 900,
  "correct_predictions": 0,
  "accuracy": 0.0,
  "elapsed_time": 5861.278691768646,
  "average_time_per_sample": 6.51253187974294
}