{
  "samples_processed": 5500,
  "correct_predictions": 0,
  "accuracy": 0.0,
  "elapsed_time": 36014.067419052124,
  "average_time_per_sample": 6.548012258009477
}