{
  "samples_processed": 4300,
  "correct_predictions": 0,
  "accuracy": 0.0,
  "elapsed_time": 28393.652203559875,
  "average_time_per_sample": 6.603174931060436
}