{
  "samples_processed": 7450,
  "correct_predictions": 0,
  "accuracy": 0.0,
  "elapsed_time": 48238.248890161514,
  "average_time_per_sample": 6.474932736934432
}