{
  "samples_processed": 5750,
  "correct_predictions": 0,
  "accuracy": 0.0,
  "elapsed_time": 37596.37606215477,
  "average_time_per_sample": 6.538500184722569
}