{
  "samples_processed": 7600,
  "correct_predictions": 0,
  "accuracy": 0.0,
  "elapsed_time": 49259.51963019371,
  "average_time_per_sample": 6.481515740814962
}