{
  "samples_processed": 4500,
  "correct_predictions": 0,
  "accuracy": 0.0,
  "elapsed_time": 29644.769057035446,
  "average_time_per_sample": 6.587726457118988
}