{
  "samples_processed": 6400,
  "correct_predictions": 0,
  "accuracy": 0.0,
  "elapsed_time": 41675.60498261452,
  "average_time_per_sample": 6.511813278533518
}