{
  "samples_processed": 550,
  "correct_predictions": 0,
  "accuracy": 0.0,
  "elapsed_time": 3550.075264930725,
  "average_time_per_sample": 6.454682299874046
}