{
  "samples_processed": 7750,
  "correct_predictions": 0,
  "accuracy": 0.0,
  "elapsed_time": 50255.822804927826,
  "average_time_per_sample": 6.484622297410042
}