{
  "samples_processed": 2200,
  "correct_predictions": 0,
  "accuracy": 0.0,
  "elapsed_time": 14309.165828704834,
  "average_time_per_sample": 6.504166285774924
}