{
  "samples_processed": 5200,
  "correct_predictions": 0,
  "accuracy": 0.0,
  "elapsed_time": 34110.461773872375,
  "average_time_per_sample": 6.559704187283149
}