{
  "samples_processed": 2500,
  "correct_predictions": 0,
  "accuracy": 0.0,
  "elapsed_time": 16429.053454637527,
  "average_time_per_sample": 6.571621381855011
}