{
  "samples_processed": 2950,
  "correct_predictions": 0,
  "accuracy": 0.0,
  "elapsed_time": 19409.547962903976,
  "average_time_per_sample": 6.579507784035246
}