{
  "samples_processed": 2300,
  "correct_predictions": 0,
  "accuracy": 0.0,
  "elapsed_time": 15019.764383077621,
  "average_time_per_sample": 6.530332340468531
}