{
  "samples_processed": 2100,
  "correct_predictions": 0,
  "accuracy": 0.0,
  "elapsed_time": 13568.002386808395,
  "average_time_per_sample": 6.460953517527807
}