{
  "samples_processed": 7700,
  "correct_predictions": 0,
  "accuracy": 0.0,
  "elapsed_time": 49916.76116156578,
  "average_time_per_sample": 6.482696254748802
}