{
  "samples_processed": 5650,
  "correct_predictions": 0,
  "accuracy": 0.0,
  "elapsed_time": 36927.61630821228,
  "average_time_per_sample": 6.5358612934888995
}