{
  "samples_processed": 750,
  "correct_predictions": 0,
  "accuracy": 0.0,
  "elapsed_time": 4857.860140323639,
  "average_time_per_sample": 6.477146853764852
}