{
  "samples_processed": 2450,
  "correct_predictions": 0,
  "accuracy": 0.0,
  "elapsed_time": 16079.67520070076,
  "average_time_per_sample": 6.563132734979902
}