{
  "samples_processed": 3950,
  "correct_predictions": 0,
  "accuracy": 0.0,
  "elapsed_time": 26095.04212141037,
  "average_time_per_sample": 6.606339777572246
}