{
  "samples_processed": 1550,
  "correct_predictions": 0,
  "accuracy": 0.0,
  "elapsed_time": 9958.274644136429,
  "average_time_per_sample": 6.424693318797696
}