{
  "samples_processed": 6050,
  "correct_predictions": 0,
  "accuracy": 0.0,
  "elapsed_time": 39505.58993077278,
  "average_time_per_sample": 6.529849575334344
}