{
  "samples_processed": 2700,
  "correct_predictions": 0,
  "accuracy": 0.0,
  "elapsed_time": 17753.534168958664,
  "average_time_per_sample": 6.575383025540246
}