{
  "samples_processed": 4950,
  "correct_predictions": 0,
  "accuracy": 0.0,
  "elapsed_time": 32522.780101299286,
  "average_time_per_sample": 6.570258606323088
}