{
  "samples_processed": 7300,
  "correct_predictions": 0,
  "accuracy": 0.0,
  "elapsed_time": 47305.3870177269,
  "average_time_per_sample": 6.480190002428342
}