{
  "samples_processed": 3200,
  "correct_predictions": 0,
  "accuracy": 0.0,
  "elapsed_time": 21038.922188282013,
  "average_time_per_sample": 6.574663183838129
}