{
  "samples_processed": 5950,
  "correct_predictions": 0,
  "accuracy": 0.0,
  "elapsed_time": 38868.48880529404,
  "average_time_per_sample": 6.532519126940175
}