{
  "samples_processed": 1500,
  "correct_predictions": 0,
  "accuracy": 0.0,
  "elapsed_time": 9682.254907131195,
  "average_time_per_sample": 6.45483660475413
}