{
  "samples_processed": 7100,
  "correct_predictions": 0,
  "accuracy": 0.0,
  "elapsed_time": 46024.267771720886,
  "average_time_per_sample": 6.482291235453646
}