{
  "samples_processed": 1250,
  "correct_predictions": 0,
  "accuracy": 0.0,
  "elapsed_time": 7964.767003059387,
  "average_time_per_sample": 6.37181360244751
}