{
  "samples_processed": 6850,
  "correct_predictions": 0,
  "accuracy": 0.0,
  "elapsed_time": 44462.142357587814,
  "average_time_per_sample": 6.490823701837638
}