{
  "samples_processed": 5000,
  "correct_predictions": 0,
  "accuracy": 0.0,
  "elapsed_time": 32843.587451934814,
  "average_time_per_sample": 6.5687174903869625
}