{
  "samples_processed": 4800,
  "correct_predictions": 0,
  "accuracy": 0.0,
  "elapsed_time": 31535.521008729935,
  "average_time_per_sample": 6.56990021015207
}