{
  "samples_processed": 2250,
  "correct_predictions": 0,
  "accuracy": 0.0,
  "elapsed_time": 14683.291608333588,
  "average_time_per_sample": 6.525907381481595
}