{
  "samples_processed": 7000,
  "correct_predictions": 0,
  "accuracy": 0.0,
  "elapsed_time": 45410.01586270332,
  "average_time_per_sample": 6.487145123243332
}