{
  "samples_processed": 4400,
  "correct_predictions": 0,
  "accuracy": 0.0,
  "elapsed_time": 29067.038558006287,
  "average_time_per_sample": 6.6061451268196105
}