{
  "samples_processed": 6950,
  "correct_predictions": 0,
  "accuracy": 0.0,
  "elapsed_time": 45113.90082859993,
  "average_time_per_sample": 6.4912087523165365
}