{
  "samples_processed": 5350,
  "correct_predictions": 0,
  "accuracy": 0.0,
  "elapsed_time": 35140.81917619705,
  "average_time_per_sample": 6.568377416111598
}