{
  "samples_processed": 7500,
  "correct_predictions": 0,
  "accuracy": 0.0,
  "elapsed_time": 48547.504120349884,
  "average_time_per_sample": 6.473000549379985
}