{
  "samples_processed": 650,
  "correct_predictions": 0,
  "accuracy": 0.0,
  "elapsed_time": 4207.1207447052,
  "average_time_per_sample": 6.472493453392616
}