{
  "samples_processed": 6250,
  "correct_predictions": 0,
  "accuracy": 0.0,
  "elapsed_time": 40703.87089538574,
  "average_time_per_sample": 6.5126193432617185
}