{
  "samples_processed": 1300,
  "correct_predictions": 0,
  "accuracy": 0.0,
  "elapsed_time": 8333.701313257217,
  "average_time_per_sample": 6.410539471736321
}