{
  "samples_processed": 1050,
  "correct_predictions": 0,
  "accuracy": 0.0,
  "elapsed_time": 6768.59720659256,
  "average_time_per_sample": 6.446283053897676
}