{
  "samples_processed": 3400,
  "correct_predictions": 0,
  "accuracy": 0.0,
  "elapsed_time": 22408.204201459885,
  "average_time_per_sample": 6.590648294547025
}