{
  "samples_processed": 1350,
  "correct_predictions": 0,
  "accuracy": 0.0,
  "elapsed_time": 8661.96588587761,
  "average_time_per_sample": 6.416271026576007
}