{
  "samples_processed": 100,
  "correct_predictions": 0,
  "accuracy": 0.0,
  "elapsed_time": 610.1492598056793,
  "average_time_per_sample": 6.101492598056793
}