{
  "samples_processed": 1100,
  "correct_predictions": 0,
  "accuracy": 0.0,
  "elapsed_time": 7074.615221261978,
  "average_time_per_sample": 6.431468382965435
}