{
  "samples_processed": 7200,
  "correct_predictions": 0,
  "accuracy": 0.0,
  "elapsed_time": 46666.88129758835,
  "average_time_per_sample": 6.481511291331715
}