{
  "samples_processed": 4700,
  "correct_predictions": 0,
  "accuracy": 0.0,
  "elapsed_time": 30903.690468788147,
  "average_time_per_sample": 6.575253291231521
}