{
  "samples_processed": 2900,
  "correct_predictions": 0,
  "accuracy": 0.0,
  "elapsed_time": 19085.065527677536,
  "average_time_per_sample": 6.581057078509495
}