{
  "samples_processed": 600,
  "correct_predictions": 0,
  "accuracy": 0.0,
  "elapsed_time": 3863.2326538562775,
  "average_time_per_sample": 6.438721089760462
}