{
  "samples_processed": 5300,
  "correct_predictions": 0,
  "accuracy": 0.0,
  "elapsed_time": 34804.26383161545,
  "average_time_per_sample": 6.5668422323802735
}