{
  "samples_processed": 2600,
  "correct_predictions": 0,
  "accuracy": 0.0,
  "elapsed_time": 17084.988761663437,
  "average_time_per_sample": 6.571149523716707
}