{
  "samples_processed": 1900,
  "correct_predictions": 0,
  "accuracy": 0.0,
  "elapsed_time": 12196.314552545547,
  "average_time_per_sample": 6.419112922392394
}