{
  "samples_processed": 5050,
  "correct_predictions": 0,
  "accuracy": 0.0,
  "elapsed_time": 33131.86517381668,
  "average_time_per_sample": 6.560765380953798
}