{
  "samples_processed": 6450,
  "correct_predictions": 0,
  "accuracy": 0.0,
  "elapsed_time": 42063.53158092499,
  "average_time_per_sample": 6.521477764484494
}