{
  "samples_processed": 3750,
  "correct_predictions": 0,
  "accuracy": 0.0,
  "elapsed_time": 24781.227168798447,
  "average_time_per_sample": 6.608327245012919
}