{
  "samples_processed": 7400,
  "correct_predictions": 0,
  "accuracy": 0.0,
  "elapsed_time": 47947.728748083115,
  "average_time_per_sample": 6.479422803795016
}