{
  "samples_processed": 50,
  "correct_predictions": 0,
  "accuracy": 0.0,
  "elapsed_time": 327.07263922691345,
  "average_time_per_sample": 6.541452784538269
}