{
  "samples_processed": 3850,
  "correct_predictions": 0,
  "accuracy": 0.0,
  "elapsed_time": 25472.141899824142,
  "average_time_per_sample": 6.616140753201076
}