{
  "samples_processed": 5850,
  "correct_predictions": 0,
  "accuracy": 0.0,
  "elapsed_time": 38219.39424228668,
  "average_time_per_sample": 6.53322978500627
}