{
  "samples_processed": 2000,
  "correct_predictions": 0,
  "accuracy": 0.0,
  "elapsed_time": 12901.916278839111,
  "average_time_per_sample": 6.450958139419556
}