{
  "samples_processed": 250,
  "correct_predictions": 0,
  "accuracy": 0.0,
  "elapsed_time": 1598.2135426998138,
  "average_time_per_sample": 6.392854170799255
}