{
  "samples_processed": 3500,
  "correct_predictions": 0,
  "accuracy": 0.0,
  "elapsed_time": 23074.75823688507,
  "average_time_per_sample": 6.5927880676814485
}