{
  "samples_processed": 5400,
  "correct_predictions": 0,
  "accuracy": 0.0,
  "elapsed_time": 35450.23896241188,
  "average_time_per_sample": 6.564859067113312
}