{
  "samples_processed": 4200,
  "correct_predictions": 0,
  "accuracy": 0.0,
  "elapsed_time": 27720.64676809311,
  "average_time_per_sample": 6.600153992403121
}