{
  "samples_processed": 5600,
  "correct_predictions": 0,
  "accuracy": 0.0,
  "elapsed_time": 36585.418286800385,
  "average_time_per_sample": 6.533110408357212
}