{
  "samples_processed": 3300,
  "correct_predictions": 0,
  "accuracy": 0.0,
  "elapsed_time": 21763.551850795746,
  "average_time_per_sample": 6.595015712362347
}