{
  "samples_processed": 6200,
  "correct_predictions": 0,
  "accuracy": 0.0,
  "elapsed_time": 40397.29287958145,
  "average_time_per_sample": 6.515692399932492
}