{
  "samples_processed": 2750,
  "correct_predictions": 0,
  "accuracy": 0.0,
  "elapsed_time": 18072.30610513687,
  "average_time_per_sample": 6.571747674595226
}