{
  "samples_processed": 7250,
  "correct_predictions": 0,
  "accuracy": 0.0,
  "elapsed_time": 46980.614050626755,
  "average_time_per_sample": 6.480084696638173
}