{
  "samples_processed": 3650,
  "correct_predictions": 0,
  "accuracy": 0.0,
  "elapsed_time": 24109.079897403717,
  "average_time_per_sample": 6.605227369151703
}