{
  "samples_processed": 2400,
  "correct_predictions": 0,
  "accuracy": 0.0,
  "elapsed_time": 15750.319951534271,
  "average_time_per_sample": 6.56263331313928
}