{
  "samples_processed": 2650,
  "correct_predictions": 0,
  "accuracy": 0.0,
  "elapsed_time": 17406.69855070114,
  "average_time_per_sample": 6.568565490830619
}