{
  "samples_processed": 6100,
  "correct_predictions": 0,
  "accuracy": 0.0,
  "elapsed_time": 39823.809178352356,
  "average_time_per_sample": 6.528493307926616
}