{
  "samples_processed": 4850,
  "correct_predictions": 0,
  "accuracy": 0.0,
  "elapsed_time": 31900.042936325073,
  "average_time_per_sample": 6.577328440479397
}