{
  "samples_processed": 2850,
  "correct_predictions": 0,
  "accuracy": 0.0,
  "elapsed_time": 18734.543395757675,
  "average_time_per_sample": 6.573523998511465
}