{
  "samples_processed": 4450,
  "correct_predictions": 0,
  "accuracy": 0.0,
  "elapsed_time": 29361.512139558792,
  "average_time_per_sample": 6.598092615631189
}