{
  "samples_processed": 6350,
  "correct_predictions": 0,
  "accuracy": 0.0,
  "elapsed_time": 41345.44831228256,
  "average_time_per_sample": 6.511094222406703
}