{
  "samples_processed": 4550,
  "correct_predictions": 0,
  "accuracy": 0.0,
  "elapsed_time": 29978.64433813095,
  "average_time_per_sample": 6.588713041347462
}