{
  "samples_processed": 350,
  "correct_predictions": 0,
  "accuracy": 0.0,
  "elapsed_time": 2177.025111436844,
  "average_time_per_sample": 6.220071746962411
}