{
  "samples_processed": 3600,
  "correct_predictions": 0,
  "accuracy": 0.0,
  "elapsed_time": 23723.0598154068,
  "average_time_per_sample": 6.589738837613
}