{
  "samples_processed": 7050,
  "correct_predictions": 0,
  "accuracy": 0.0,
  "elapsed_time": 45715.16728281975,
  "average_time_per_sample": 6.484420891180106
}