{
  "samples_processed": 5250,
  "correct_predictions": 0,
  "accuracy": 0.0,
  "elapsed_time": 34476.666301488876,
  "average_time_per_sample": 6.566984057426453
}