{
  "samples_processed": 1800,
  "correct_predictions": 0,
  "accuracy": 0.0,
  "elapsed_time": 11534.273706912994,
  "average_time_per_sample": 6.407929837173886
}