{
  "samples_processed": 1700,
  "correct_predictions": 0,
  "accuracy": 0.0,
  "elapsed_time": 10868.223003387451,
  "average_time_per_sample": 6.393072354933794
}