{
  "samples_processed": 300,
  "correct_predictions": 0,
  "accuracy": 0.0,
  "elapsed_time": 1878.6378316879272,
  "average_time_per_sample": 6.262126105626424
}