{
  "samples_processed": 7550,
  "correct_predictions": 0,
  "accuracy": 0.0,
  "elapsed_time": 48907.78563499451,
  "average_time_per_sample": 6.477852401986027
}