{
  "samples_processed": 700,
  "correct_predictions": 0,
  "accuracy": 0.0,
  "elapsed_time": 4506.704820156097,
  "average_time_per_sample": 6.438149743080139
}