{
  "samples_processed": 1650,
  "correct_predictions": 0,
  "accuracy": 0.0,
  "elapsed_time": 10558.28988480568,
  "average_time_per_sample": 6.398963566548897
}