{
  "samples_processed": 4250,
  "correct_predictions": 0,
  "accuracy": 0.0,
  "elapsed_time": 28012.965089082718,
  "average_time_per_sample": 6.59128590331358
}