{
  "samples_processed": 1450,
  "correct_predictions": 0,
  "accuracy": 0.0,
  "elapsed_time": 9295.282754659653,
  "average_time_per_sample": 6.4105398307997605
}