{
  "samples_processed": 2800,
  "correct_predictions": 0,
  "accuracy": 0.0,
  "elapsed_time": 18380.787561416626,
  "average_time_per_sample": 6.564566986220224
}