{
  "samples_processed": 1600,
  "correct_predictions": 0,
  "accuracy": 0.0,
  "elapsed_time": 10279.413152217865,
  "average_time_per_sample": 6.424633220136165
}