{
  "samples_processed": 1200,
  "correct_predictions": 0,
  "accuracy": 0.0,
  "elapsed_time": 7679.048081159592,
  "average_time_per_sample": 6.39920673429966
}