{
  "samples_processed": 3100,
  "correct_predictions": 0,
  "accuracy": 0.0,
  "elapsed_time": 20410.520833969116,
  "average_time_per_sample": 6.584038978699715
}