{
  "samples_processed": 1000,
  "correct_predictions": 0,
  "accuracy": 0.0,
  "elapsed_time": 6470.96297621727,
  "average_time_per_sample": 6.47096297621727
}