{
  "samples_processed": 7650,
  "correct_predictions": 0,
  "accuracy": 0.0,
  "elapsed_time": 49582.47219634056,
  "average_time_per_sample": 6.481368914554322
}