{
  "samples_processed": 1150,
  "correct_predictions": 0,
  "accuracy": 0.0,
  "elapsed_time": 7381.7017142772675,
  "average_time_per_sample": 6.418871055893276
}