{
  "samples_processed": 3900,
  "correct_predictions": 0,
  "accuracy": 0.0,
  "elapsed_time": 25806.32758641243,
  "average_time_per_sample": 6.617007073439084
}