{
  "samples_processed": 850,
  "correct_predictions": 0,
  "accuracy": 0.0,
  "elapsed_time": 5522.236853837967,
  "average_time_per_sample": 6.496749239809373
}