{
  "samples_processed": 4750,
  "correct_predictions": 0,
  "accuracy": 0.0,
  "elapsed_time": 31224.55227303505,
  "average_time_per_sample": 6.5735899522179055
}