{
  "samples_processed": 1400,
  "correct_predictions": 0,
  "accuracy": 0.0,
  "elapsed_time": 8972.607528924942,
  "average_time_per_sample": 6.40900537780353
}