{
  "samples_processed": 6900,
  "correct_predictions": 0,
  "accuracy": 0.0,
  "elapsed_time": 44776.85241603851,
  "average_time_per_sample": 6.4893989008751465
}