{
  "samples_processed": 150,
  "correct_predictions": 0,
  "accuracy": 0.0,
  "elapsed_time": 938.9658048152924,
  "average_time_per_sample": 6.259772032101949
}