{
  "samples_processed": 4150,
  "correct_predictions": 0,
  "accuracy": 0.0,
  "elapsed_time": 27424.38180422783,
  "average_time_per_sample": 6.608284772103091
}