{
  "samples_processed": 450,
  "correct_predictions": 0,
  "accuracy": 0.0,
  "elapsed_time": 2856.6837253570557,
  "average_time_per_sample": 6.348186056349013
}