{
  "samples_processed": 3050,
  "correct_predictions": 0,
  "accuracy": 0.0,
  "elapsed_time": 20106.046383857727,
  "average_time_per_sample": 6.592146355363189
}