{
  "samples_processed": 3700,
  "correct_predictions": 0,
  "accuracy": 0.0,
  "elapsed_time": 24410.91694545746,
  "average_time_per_sample": 6.5975451203939075
}