{
  "samples_processed": 2550,
  "correct_predictions": 0,
  "accuracy": 0.0,
  "elapsed_time": 16742.492200374603,
  "average_time_per_sample": 6.565683215833178
}