{
  "samples_processed": 5800,
  "correct_predictions": 0,
  "accuracy": 0.0,
  "elapsed_time": 37898.33036637306,
  "average_time_per_sample": 6.534194890753977
}