{
  "samples_processed": 4100,
  "correct_predictions": 0,
  "accuracy": 0.0,
  "elapsed_time": 27081.274906158447,
  "average_time_per_sample": 6.60518900150206
}