{
  "samples_processed": 2150,
  "correct_predictions": 0,
  "accuracy": 0.0,
  "elapsed_time": 13951.814858198166,
  "average_time_per_sample": 6.489216213115426
}