{
  "samples_processed": 5450,
  "correct_predictions": 0,
  "accuracy": 0.0,
  "elapsed_time": 35745.10522150993,
  "average_time_per_sample": 6.558734903029346
}