{
  "samples_processed": 3800,
  "correct_predictions": 0,
  "accuracy": 0.0,
  "elapsed_time": 25129.945633411407,
  "average_time_per_sample": 6.613143587739844
}