{
  "samples_processed": 4000,
  "correct_predictions": 0,
  "accuracy": 0.0,
  "elapsed_time": 26421.347365617752,
  "average_time_per_sample": 6.605336841404438
}