{
  "samples_processed": 5900,
  "correct_predictions": 0,
  "accuracy": 0.0,
  "elapsed_time": 38528.49147129059,
  "average_time_per_sample": 6.530252791744168
}