{
  "samples_processed": 200,
  "correct_predictions": 0,
  "accuracy": 0.0,
  "elapsed_time": 1257.445839881897,
  "average_time_per_sample": 6.287229199409484
}