{
  "samples_processed": 6600,
  "correct_predictions": 0,
  "accuracy": 0.0,
  "elapsed_time": 43003.01202058792,
  "average_time_per_sample": 6.515607881907261
}