{
  "samples_processed": 6800,
  "correct_predictions": 0,
  "accuracy": 0.0,
  "elapsed_time": 44153.67476773262,
  "average_time_per_sample": 6.493187465843032
}