{
  "samples_processed": 1950,
  "correct_predictions": 0,
  "accuracy": 0.0,
  "elapsed_time": 12530.812091588974,
  "average_time_per_sample": 6.42605748286614
}