{
  "samples_processed": 3000,
  "correct_predictions": 0,
  "accuracy": 0.0,
  "elapsed_time": 19775.76075911522,
  "average_time_per_sample": 6.591920253038406
}