{
  "samples_processed": 400,
  "correct_predictions": 0,
  "accuracy": 0.0,
  "elapsed_time": 2516.6187829971313,
  "average_time_per_sample": 6.291546957492828
}