{
  "samples_processed": 3450,
  "correct_predictions": 0,
  "accuracy": 0.0,
  "elapsed_time": 22721.551050186157,
  "average_time_per_sample": 6.585956826140915
}