{
  "samples_processed": 500,
  "correct_predictions": 0,
  "accuracy": 0.0,
  "elapsed_time": 3229.5656390190125,
  "average_time_per_sample": 6.459131278038025
}