{
  "total_samples": 10,
  "correct_predictions": 0,
  "accuracy": 0.0,
  "total_time": 87.47227597236633,
  "average_time_per_sample": 8.747227597236634,
  "samples_per_second": 0.1143219367375228
}