{
  "samples_processed": 6300,
  "correct_predictions": 0,
  "accuracy": 0.0,
  "elapsed_time": 41016.73300051689,
  "average_time_per_sample": 6.510592539764586
}