{
  "samples_processed": 5700,
  "correct_predictions": 0,
  "accuracy": 0.0,
  "elapsed_time": 37289.83102655411,
  "average_time_per_sample": 6.542075618693703
}