{
  "samples_processed": 4650,
  "correct_predictions": 0,
  "accuracy": 0.0,
  "elapsed_time": 30597.35639500618,
  "average_time_per_sample": 6.580076644087351
}