{
  "samples_processed": 4600,
  "correct_predictions": 0,
  "accuracy": 0.0,
  "elapsed_time": 30286.49705028534,
  "average_time_per_sample": 6.584021097888117
}