{
  "samples_processed": 3550,
  "correct_predictions": 0,
  "accuracy": 0.0,
  "elapsed_time": 23395.767188072205,
  "average_time_per_sample": 6.590356954386537
}