{
  "samples_processed": 6700,
  "correct_predictions": 0,
  "accuracy": 0.0,
  "elapsed_time": 43594.70186185837,
  "average_time_per_sample": 6.506671919680353
}