{
  "samples_processed": 6750,
  "correct_predictions": 0,
  "accuracy": 0.0,
  "elapsed_time": 43837.01727056503,
  "average_time_per_sample": 6.494372928972598
}