{
  "samples_processed": 3150,
  "correct_predictions": 0,
  "accuracy": 0.0,
  "elapsed_time": 20737.745901107788,
  "average_time_per_sample": 6.583411397177076
}