{
  "samples_processed": 5100,
  "correct_predictions": 0,
  "accuracy": 0.0,
  "elapsed_time": 33449.7990193367,
  "average_time_per_sample": 6.558784121438569
}