{
  "samples_processed": 5150,
  "correct_predictions": 0,
  "accuracy": 0.0,
  "elapsed_time": 33770.52993226051,
  "average_time_per_sample": 6.557384452866119
}