{
  "samples_processed": 2050,
  "correct_predictions": 0,
  "accuracy": 0.0,
  "elapsed_time": 13234.478194952011,
  "average_time_per_sample": 6.4558430219278105
}