{
  "samples_processed": 5550,
  "correct_predictions": 0,
  "accuracy": 0.0,
  "elapsed_time": 36288.836443185806,
  "average_time_per_sample": 6.538529088862307
}