{
  "total_samples": 1000,
  "intent_accuracy": 0.001,
  "requested_slots_f1": 1.0,
  "slot_values_f1": 1.0,
  "overall_f1": 1.0,
  "total_time": 4976.628771543503,
  "average_time_per_sample": 4.976628771543503,
  "samples_per_second": 0.20093923937385624
}