{
  "total_samples": 50,
  "intent_accuracy": 0.0,
  "requested_slots_f1": 1.0,
  "slot_values_f1": 1.0,
  "overall_f1": 1.0,
  "total_time": 234.0279414653778,
  "average_time_per_sample": 4.680558829307556,
  "samples_per_second": 0.21364970219761995
}