{
  "accuracy": 0.6687356321839081,
  "macro_f1": 0.731979657849435,
  "macro_precision": 0.7241027465426086,
  "macro_recall": 0.7707475045073696,
  "per_class_metrics": {
    "IT과학": {
      "f1": 0.7022222222222222,
      "precision": 0.6929824561403509,
      "recall": 0.7117117117117117
    },
    "경제": {
      "f1": 0.7584269662921348,
      "precision": 0.6666666666666666,
      "recall": 0.8794788273615635
    },
    "사회": {
      "f1": 0.7153818048958714,
      "precision": 0.8867753623188406,
      "recall": 0.5995101041028781
    },
    "생활문화": {
      "f1": 0.7974882260596546,
      "precision": 0.7639097744360902,
      "recall": 0.8341543513957307
    },
    "세계": {
      "f1": 0.7095761381475667,
      "precision": 0.7661016949152543,
      "recall": 0.6608187134502924
    },
    "스포츠": {
      "f1": 0.9338103756708408,
      "precision": 0.9094076655052264,
      "recall": 0.9595588235294118
    },
    "정치": {
      "f1": 0.506951871657754,
      "precision": 0.38287560581583197,
      "recall": 0.75
    }
  },
  "correct_predictions": 2909,
  "total_samples": 4350,
  "total_time_seconds": 19444.925502300262,
  "average_time_per_sample": 4.47009781662075,
  "samples_per_second": 0.22370875113331812,
  "is_intermediate": true,
  "timestamp": "20250716_114551"
}