{
  "accuracy": 0.668,
  "macro_f1": 0.7032541092013023,
  "macro_precision": 0.6896755826816481,
  "macro_recall": 0.7387247226421193,
  "per_class_metrics": {
    "IT과학": {
      "f1": 0.8,
      "precision": 0.8,
      "recall": 0.8
    },
    "경제": {
      "f1": 0.7962962962962963,
      "precision": 0.7049180327868853,
      "recall": 0.9148936170212766
    },
    "사회": {
      "f1": 0.6867469879518072,
      "precision": 0.8507462686567164,
      "recall": 0.5757575757575758
    },
    "생활문화": {
      "f1": 0.8378378378378378,
      "precision": 0.8157894736842105,
      "recall": 0.8611111111111112
    },
    "세계": {
      "f1": 0.5,
      "precision": 0.46153846153846156,
      "recall": 0.5454545454545454
    },
    "스포츠": {
      "f1": 0.918918918918919,
      "precision": 0.8947368421052632,
      "recall": 0.9444444444444444
    },
    "정치": {
      "f1": 0.3829787234042553,
      "precision": 0.3,
      "recall": 0.5294117647058824
    }
  },
  "correct_predictions": 167,
  "total_samples": 250,
  "total_time_seconds": 1066.323035478592,
  "average_time_per_sample": 4.265292141914368,
  "samples_per_second": 0.23445052923178564,
  "is_intermediate": true,
  "timestamp": "20250716_063932"
}