{
  "accuracy": 0.6629411764705883,
  "macro_f1": 0.7219454906699767,
  "macro_precision": 0.7093222393948876,
  "macro_recall": 0.7687052379597642,
  "per_class_metrics": {
    "IT과학": {
      "f1": 0.6993865030674846,
      "precision": 0.6551724137931034,
      "recall": 0.75
    },
    "경제": {
      "f1": 0.7622377622377622,
      "precision": 0.6666666666666666,
      "recall": 0.889795918367347
    },
    "사회": {
      "f1": 0.6986175115207374,
      "precision": 0.8896713615023474,
      "recall": 0.575113808801214
    },
    "생활문화": {
      "f1": 0.7838383838383839,
      "precision": 0.7432950191570882,
      "recall": 0.8290598290598291
    },
    "세계": {
      "f1": 0.6835443037974683,
      "precision": 0.7297297297297297,
      "recall": 0.6428571428571429
    },
    "스포츠": {
      "f1": 0.9396551724137931,
      "precision": 0.9159663865546218,
      "recall": 0.9646017699115044
    },
    "정치": {
      "f1": 0.48633879781420764,
      "precision": 0.36475409836065575,
      "recall": 0.7295081967213115
    }
  },
  "correct_predictions": 1127,
  "total_samples": 1700,
  "total_time_seconds": 7520.299115896225,
  "average_time_per_sample": 4.423705362291897,
  "samples_per_second": 0.22605483821867955,
  "is_intermediate": true,
  "timestamp": "20250716_082706"
}