{
  "accuracy": 0.6596296296296297,
  "macro_f1": 0.7165270599353015,
  "macro_precision": 0.7057617477497212,
  "macro_recall": 0.759756127237376,
  "per_class_metrics": {
    "IT과학": {
      "f1": 0.7054545454545454,
      "precision": 0.6736111111111112,
      "recall": 0.7404580152671756
    },
    "경제": {
      "f1": 0.7595744680851064,
      "precision": 0.6635687732342007,
      "recall": 0.8880597014925373
    },
    "사회": {
      "f1": 0.693634741225461,
      "precision": 0.8793363499245852,
      "recall": 0.5726915520628684
    },
    "생활문화": {
      "f1": 0.7843631778058008,
      "precision": 0.7585365853658537,
      "recall": 0.8120104438642297
    },
    "세계": {
      "f1": 0.6649484536082474,
      "precision": 0.7087912087912088,
      "recall": 0.6262135922330098
    },
    "스포츠": {
      "f1": 0.9303621169916435,
      "precision": 0.8978494623655914,
      "recall": 0.9653179190751445
    },
    "정치": {
      "f1": 0.47735191637630664,
      "precision": 0.3586387434554974,
      "recall": 0.7135416666666666
    }
  },
  "correct_predictions": 1781,
  "total_samples": 2700,
  "total_time_seconds": 12055.73301744461,
  "average_time_per_sample": 4.465086302757263,
  "samples_per_second": 0.2239598368753777,
  "is_intermediate": true,
  "timestamp": "20250716_094242"
}