{
  "accuracy": 0.6544,
  "macro_f1": 0.7197584065863604,
  "macro_precision": 0.709369785619107,
  "macro_recall": 0.7675303330212968,
  "per_class_metrics": {
    "IT과학": {
      "f1": 0.7058823529411765,
      "precision": 0.7,
      "recall": 0.711864406779661
    },
    "경제": {
      "f1": 0.745,
      "precision": 0.6394849785407726,
      "recall": 0.8922155688622755
    },
    "사회": {
      "f1": 0.6921119592875318,
      "precision": 0.8976897689768977,
      "recall": 0.5631469979296067
    },
    "생활문화": {
      "f1": 0.7877237851662404,
      "precision": 0.7368421052631579,
      "recall": 0.8461538461538461
    },
    "세계": {
      "f1": 0.6989247311827957,
      "precision": 0.7303370786516854,
      "recall": 0.6701030927835051
    },
    "스포츠": {
      "f1": 0.9240506329113924,
      "precision": 0.9012345679012346,
      "recall": 0.948051948051948
    },
    "정치": {
      "f1": 0.4846153846153846,
      "precision": 0.36,
      "recall": 0.7411764705882353
    }
  },
  "correct_predictions": 818,
  "total_samples": 1250,
  "total_time_seconds": 5533.072002410889,
  "average_time_per_sample": 4.4264576019287105,
  "samples_per_second": 0.22591428404606806,
  "is_intermediate": true,
  "timestamp": "20250716_075359"
}