{
  "accuracy": 0.6572093023255814,
  "macro_f1": 0.7158500966774027,
  "macro_precision": 0.7053791971171803,
  "macro_recall": 0.7611898292725731,
  "per_class_metrics": {
    "IT과학": {
      "f1": 0.7069767441860465,
      "precision": 0.672566371681416,
      "recall": 0.7450980392156863
    },
    "경제": {
      "f1": 0.7537414965986394,
      "precision": 0.6533018867924528,
      "recall": 0.8906752411575563
    },
    "사회": {
      "f1": 0.6907749077490775,
      "precision": 0.8830188679245283,
      "recall": 0.5672727272727273
    },
    "생활문화": {
      "f1": 0.7873015873015873,
      "precision": 0.7607361963190185,
      "recall": 0.8157894736842105
    },
    "세계": {
      "f1": 0.6505190311418685,
      "precision": 0.6962962962962963,
      "recall": 0.6103896103896104
    },
    "스포츠": {
      "f1": 0.9419795221843004,
      "precision": 0.9139072847682119,
      "recall": 0.971830985915493
    },
    "정치": {
      "f1": 0.4796573875802998,
      "precision": 0.35782747603833864,
      "recall": 0.7272727272727273
    }
  },
  "correct_predictions": 1413,
  "total_samples": 2150,
  "total_time_seconds": 9633.476360082626,
  "average_time_per_sample": 4.4806866791081985,
  "samples_per_second": 0.22318007743380808,
  "is_intermediate": true,
  "timestamp": "20250716_090219"
}