{
  "accuracy": 0.6625,
  "macro_f1": 0.7202427605996408,
  "macro_precision": 0.7089602123200269,
  "macro_recall": 0.763021722722504,
  "per_class_metrics": {
    "IT과학": {
      "f1": 0.7062937062937062,
      "precision": 0.6733333333333333,
      "recall": 0.7426470588235294
    },
    "경제": {
      "f1": 0.7622014537902388,
      "precision": 0.6672727272727272,
      "recall": 0.8886198547215496
    },
    "사회": {
      "f1": 0.6970046082949308,
      "precision": 0.8806404657933042,
      "recall": 0.5767397521448999
    },
    "생활문화": {
      "f1": 0.7884615384615384,
      "precision": 0.7627906976744186,
      "recall": 0.8159203980099502
    },
    "세계": {
      "f1": 0.6779661016949152,
      "precision": 0.717948717948718,
      "recall": 0.6422018348623854
    },
    "스포츠": {
      "f1": 0.9326145552560647,
      "precision": 0.9010416666666666,
      "recall": 0.9664804469273743
    },
    "정치": {
      "f1": 0.47715736040609136,
      "precision": 0.3596938775510204,
      "recall": 0.7085427135678392
    }
  },
  "correct_predictions": 1855,
  "total_samples": 2800,
  "total_time_seconds": 12489.20977306366,
  "average_time_per_sample": 4.46043206180845,
  "samples_per_second": 0.22419352792351627,
  "is_intermediate": true,
  "timestamp": "20250716_094955"
}