{
  "accuracy": 0.6746496815286624,
  "macro_f1": 0.7353231760592565,
  "macro_precision": 0.7290729674276984,
  "macro_recall": 0.7697648099021797,
  "per_class_metrics": {
    "IT과학": {
      "f1": 0.7032181168057211,
      "precision": 0.6941176470588235,
      "recall": 0.7125603864734299
    },
    "경제": {
      "f1": 0.7565867086118757,
      "precision": 0.6689847009735744,
      "recall": 0.8705882352941177
    },
    "사회": {
      "f1": 0.7246085909273384,
      "precision": 0.8787731256085687,
      "recall": 0.6164617486338798
    },
    "생활문화": {
      "f1": 0.8134296642583936,
      "precision": 0.7896039603960396,
      "recall": 0.838737949167397
    },
    "세계": {
      "f1": 0.7076648841354723,
      "precision": 0.7693798449612403,
      "recall": 0.6551155115511551
    },
    "스포츠": {
      "f1": 0.9342915811088296,
      "precision": 0.9173387096774194,
      "recall": 0.9518828451882845
    },
    "정치": {
      "f1": 0.5074626865671642,
      "precision": 0.38531278331822305,
      "recall": 0.743006993006993
    }
  },
  "correct_predictions": 5296,
  "total_samples": 7850,
  "total_time_seconds": 35423.49715423584,
  "average_time_per_sample": 4.512547408182909,
  "samples_per_second": 0.22160432003143765,
  "is_intermediate": true,
  "timestamp": "20250716_161209"
}