{
  "accuracy": 0.6588235294117647,
  "macro_f1": 0.7229187019018457,
  "macro_precision": 0.7106973984334558,
  "macro_recall": 0.7674105866757653,
  "per_class_metrics": {
    "IT과학": {
      "f1": 0.6835443037974683,
      "precision": 0.675,
      "recall": 0.6923076923076923
    },
    "경제": {
      "f1": 0.7410071942446043,
      "precision": 0.64375,
      "recall": 0.8728813559322034
    },
    "사회": {
      "f1": 0.7036328871892925,
      "precision": 0.8975609756097561,
      "recall": 0.5786163522012578
    },
    "생활문화": {
      "f1": 0.8091603053435115,
      "precision": 0.7851851851851852,
      "recall": 0.8346456692913385
    },
    "세계": {
      "f1": 0.7,
      "precision": 0.711864406779661,
      "recall": 0.6885245901639344
    },
    "스포츠": {
      "f1": 0.9203539823008849,
      "precision": 0.8813559322033898,
      "recall": 0.9629629629629629
    },
    "정치": {
      "f1": 0.5027322404371585,
      "precision": 0.38016528925619836,
      "recall": 0.7419354838709677
    }
  },
  "correct_predictions": 560,
  "total_samples": 850,
  "total_time_seconds": 3756.0259640216827,
  "average_time_per_sample": 4.418854075319627,
  "samples_per_second": 0.22630301497966246,
  "is_intermediate": true,
  "timestamp": "20250716_072422"
}