{
  "accuracy": 0.6676258992805756,
  "macro_f1": 0.727980581681602,
  "macro_precision": 0.7211746558693838,
  "macro_recall": 0.764066662872563,
  "per_class_metrics": {
    "IT과학": {
      "f1": 0.6853932584269663,
      "precision": 0.6759002770083102,
      "recall": 0.6951566951566952
    },
    "경제": {
      "f1": 0.7449025826914364,
      "precision": 0.6528991262907069,
      "recall": 0.8670886075949367
    },
    "사회": {
      "f1": 0.7148047229791099,
      "precision": 0.8778583379810374,
      "recall": 0.602834163155879
    },
    "생활문화": {
      "f1": 0.8109404990403071,
      "precision": 0.7816836262719704,
      "recall": 0.8424725822532403
    },
    "세계": {
      "f1": 0.7064579256360078,
      "precision": 0.7648305084745762,
      "recall": 0.6563636363636364
    },
    "스포츠": {
      "f1": 0.9313835770528683,
      "precision": 0.9139072847682119,
      "recall": 0.9495412844036697
    },
    "정치": {
      "f1": 0.5019815059445178,
      "precision": 0.3811434302908726,
      "recall": 0.7350096711798839
    }
  },
  "correct_predictions": 4640,
  "total_samples": 6950,
  "total_time_seconds": 31314.055217266083,
  "average_time_per_sample": 4.505619455721739,
  "samples_per_second": 0.22194506434183836,
  "is_intermediate": true,
  "timestamp": "20250716_150340"
}