{
  "accuracy": 0.6666666666666666,
  "macro_f1": 0.7192616265848588,
  "macro_precision": 0.713469541107141,
  "macro_recall": 0.7550919151582188,
  "per_class_metrics": {
    "IT과학": {
      "f1": 0.7083333333333334,
      "precision": 0.7727272727272727,
      "recall": 0.6538461538461539
    },
    "경제": {
      "f1": 0.7411167512690355,
      "precision": 0.6460176991150443,
      "recall": 0.8690476190476191
    },
    "사회": {
      "f1": 0.7055702917771883,
      "precision": 0.8866666666666667,
      "recall": 0.5859030837004405
    },
    "생활문화": {
      "f1": 0.83,
      "precision": 0.7980769230769231,
      "recall": 0.8645833333333334
    },
    "세계": {
      "f1": 0.6744186046511628,
      "precision": 0.6590909090909091,
      "recall": 0.6904761904761905
    },
    "스포츠": {
      "f1": 0.9113924050632911,
      "precision": 0.8780487804878049,
      "recall": 0.9473684210526315
    },
    "정치": {
      "f1": 0.464,
      "precision": 0.35365853658536583,
      "recall": 0.6744186046511628
    }
  },
  "correct_predictions": 400,
  "total_samples": 600,
  "total_time_seconds": 2604.1673514842987,
  "average_time_per_sample": 4.340278919140498,
  "samples_per_second": 0.23039993941173467,
  "is_intermediate": true,
  "timestamp": "20250716_070510"
}