{
  "accuracy": 0.6718095238095239,
  "macro_f1": 0.7357577537977181,
  "macro_precision": 0.7283611893546171,
  "macro_recall": 0.7726995305370886,
  "per_class_metrics": {
    "IT과학": {
      "f1": 0.7012987012987013,
      "precision": 0.6923076923076923,
      "recall": 0.7105263157894737
    },
    "경제": {
      "f1": 0.7543335325762104,
      "precision": 0.6635120925341745,
      "recall": 0.8739612188365651
    },
    "사회": {
      "f1": 0.7213015968665261,
      "precision": 0.8833948339483395,
      "recall": 0.6094704684317719
    },
    "생활문화": {
      "f1": 0.8127795527156549,
      "precision": 0.7822878228782287,
      "recall": 0.8457446808510638
    },
    "세계": {
      "f1": 0.7172774869109948,
      "precision": 0.7762039660056658,
      "recall": 0.6666666666666666
    },
    "스포츠": {
      "f1": 0.9401459854014599,
      "precision": 0.92,
      "recall": 0.9611940298507463
    },
    "정치": {
      "f1": 0.5031674208144796,
      "precision": 0.38082191780821917,
      "recall": 0.7413333333333333
    }
  },
  "correct_predictions": 3527,
  "total_samples": 5250,
  "total_time_seconds": 23551.963044404984,
  "average_time_per_sample": 4.486088198934283,
  "samples_per_second": 0.22291135520642696,
  "is_intermediate": true,
  "timestamp": "20250716_125418"
}