{
  "accuracy": 0.6683211678832117,
  "macro_f1": 0.728813027623156,
  "macro_precision": 0.7217916277960176,
  "macro_recall": 0.7651268456816861,
  "per_class_metrics": {
    "IT과학": {
      "f1": 0.6866096866096866,
      "precision": 0.6788732394366197,
      "recall": 0.6945244956772334
    },
    "경제": {
      "f1": 0.7468994028479559,
      "precision": 0.6551168412570507,
      "recall": 0.8685897435897436
    },
    "사회": {
      "f1": 0.7161290322580646,
      "precision": 0.8794567062818336,
      "recall": 0.6039642440730665
    },
    "생활문화": {
      "f1": 0.8118331716779825,
      "precision": 0.7829747427502338,
      "recall": 0.8429003021148036
    },
    "세계": {
      "f1": 0.7085828343313373,
      "precision": 0.7634408602150538,
      "recall": 0.6610800744878957
    },
    "스포츠": {
      "f1": 0.9302857142857143,
      "precision": 0.9125560538116592,
      "recall": 0.9487179487179487
    },
    "정치": {
      "f1": 0.5013513513513513,
      "precision": 0.3801229508196721,
      "recall": 0.7361111111111112
    }
  },
  "correct_predictions": 4578,
  "total_samples": 6850,
  "total_time_seconds": 30857.617663621902,
  "average_time_per_sample": 4.504761702718526,
  "samples_per_second": 0.22198732496693926,
  "is_intermediate": true,
  "timestamp": "20250716_145603"
}