{
  "accuracy": 0.672077922077922,
  "macro_f1": 0.7323897236009971,
  "macro_precision": 0.7260812127958409,
  "macro_recall": 0.7673269781264269,
  "per_class_metrics": {
    "IT과학": {
      "f1": 0.6947890818858561,
      "precision": 0.6862745098039216,
      "recall": 0.7035175879396985
    },
    "경제": {
      "f1": 0.7523307661126875,
      "precision": 0.6628571428571428,
      "recall": 0.8697282099343955
    },
    "사회": {
      "f1": 0.7230046948356808,
      "precision": 0.8784722222222222,
      "recall": 0.614290669441554
    },
    "생활문화": {
      "f1": 0.8119325551232166,
      "precision": 0.787751677852349,
      "recall": 0.8376449598572703
    },
    "세계": {
      "f1": 0.7063063063063063,
      "precision": 0.7686274509803922,
      "recall": 0.6533333333333333
    },
    "스포츠": {
      "f1": 0.9347150259067357,
      "precision": 0.9166666666666666,
      "recall": 0.9534883720930233
    },
    "정치": {
      "f1": 0.5036496350364964,
      "precision": 0.38191881918819187,
      "recall": 0.7392857142857143
    }
  },
  "correct_predictions": 5175,
  "total_samples": 7700,
  "total_time_seconds": 34746.256131887436,
  "average_time_per_sample": 4.512500796349018,
  "samples_per_second": 0.2216066090911456,
  "is_intermediate": true,
  "timestamp": "20250716_160052"
}