{
  "accuracy": 0.6686363636363636,
  "macro_f1": 0.7325527615868286,
  "macro_precision": 0.7246779986603004,
  "macro_recall": 0.7712722550822448,
  "per_class_metrics": {
    "IT과학": {
      "f1": 0.706140350877193,
      "precision": 0.696969696969697,
      "recall": 0.7155555555555555
    },
    "경제": {
      "f1": 0.7578506629448709,
      "precision": 0.6654411764705882,
      "recall": 0.880064829821718
    },
    "사회": {
      "f1": 0.7160404624277457,
      "precision": 0.8871978513876455,
      "recall": 0.6002422774076317
    },
    "생활문화": {
      "f1": 0.7984555984555984,
      "precision": 0.764792899408284,
      "recall": 0.8352180936995154
    },
    "세계": {
      "f1": 0.7071651090342679,
      "precision": 0.7643097643097643,
      "recall": 0.6579710144927536
    },
    "스포츠": {
      "f1": 0.9342806394316163,
      "precision": 0.9100346020761245,
      "recall": 0.9598540145985401
    },
    "정치": {
      "f1": 0.5079365079365079,
      "precision": 0.384,
      "recall": 0.75
    }
  },
  "correct_predictions": 2942,
  "total_samples": 4400,
  "total_time_seconds": 19667.104672670364,
  "average_time_per_sample": 4.469796516515992,
  "samples_per_second": 0.22372383089587614,
  "is_intermediate": true,
  "timestamp": "20250716_114933"
}