{
  "accuracy": 0.6777639751552795,
  "macro_f1": 0.7388361489517417,
  "macro_precision": 0.7323815490981692,
  "macro_recall": 0.7730320495391582,
  "per_class_metrics": {
    "IT과학": {
      "f1": 0.7163841807909604,
      "precision": 0.7075892857142857,
      "recall": 0.7254004576659039
    },
    "경제": {
      "f1": 0.7607692307692308,
      "precision": 0.6737057220708447,
      "recall": 0.8736749116607774
    },
    "사회": {
      "f1": 0.7278071722516167,
      "precision": 0.8796778777830412,
      "recall": 0.6206550802139037
    },
    "생활문화": {
      "f1": 0.8167625308134757,
      "precision": 0.7952,
      "recall": 0.839527027027027
    },
    "세계": {
      "f1": 0.7086614173228346,
      "precision": 0.7685009487666035,
      "recall": 0.6574675324675324
    },
    "스포츠": {
      "f1": 0.934409687184662,
      "precision": 0.9168316831683169,
      "recall": 0.9526748971193416
    },
    "정치": {
      "f1": 0.5070588235294118,
      "precision": 0.38516532618409294,
      "recall": 0.7418244406196214
    }
  },
  "correct_predictions": 5456,
  "total_samples": 8050,
  "total_time_seconds": 36251.08615899086,
  "average_time_per_sample": 4.503240516644827,
  "samples_per_second": 0.22206231186271555,
  "is_intermediate": true,
  "timestamp": "20250716_162557"
}