{
  "accuracy": 0.6554545454545454,
  "macro_f1": 0.7182571562823172,
  "macro_precision": 0.706966687991754,
  "macro_recall": 0.7647188339328242,
  "per_class_metrics": {
    "IT과학": {
      "f1": 0.6981132075471698,
      "precision": 0.6727272727272727,
      "recall": 0.7254901960784313
    },
    "경제": {
      "f1": 0.735632183908046,
      "precision": 0.6336633663366337,
      "recall": 0.8767123287671232
    },
    "사회": {
      "f1": 0.6992805755395683,
      "precision": 0.8933823529411765,
      "recall": 0.574468085106383
    },
    "생활문화": {
      "f1": 0.8012048192771084,
      "precision": 0.76,
      "recall": 0.8471337579617835
    },
    "세계": {
      "f1": 0.6790123456790124,
      "precision": 0.7236842105263158,
      "recall": 0.6395348837209303
    },
    "스포츠": {
      "f1": 0.9166666666666666,
      "precision": 0.8918918918918919,
      "recall": 0.9428571428571428
    },
    "정치": {
      "f1": 0.4978902953586498,
      "precision": 0.37341772151898733,
      "recall": 0.7468354430379747
    }
  },
  "correct_predictions": 721,
  "total_samples": 1100,
  "total_time_seconds": 4895.484435558319,
  "average_time_per_sample": 4.450440395962108,
  "samples_per_second": 0.2246968639120078,
  "is_intermediate": true,
  "timestamp": "20250716_074321"
}