{
  "accuracy": 0.6629411764705883,
  "macro_f1": 0.7213141725986673,
  "macro_precision": 0.7131747991865792,
  "macro_recall": 0.7611564999774216,
  "per_class_metrics": {
    "IT과학": {
      "f1": 0.6988636363636364,
      "precision": 0.6795580110497238,
      "recall": 0.7192982456140351
    },
    "경제": {
      "f1": 0.756896551724138,
      "precision": 0.6601503759398496,
      "recall": 0.8868686868686869
    },
    "사회": {
      "f1": 0.7048792041686405,
      "precision": 0.8825622775800712,
      "recall": 0.5867507886435331
    },
    "생활문화": {
      "f1": 0.7863590772316951,
      "precision": 0.7567567567567568,
      "recall": 0.8183716075156576
    },
    "세계": {
      "f1": 0.68,
      "precision": 0.7359307359307359,
      "recall": 0.6319702602230484
    },
    "스포츠": {
      "f1": 0.9292035398230089,
      "precision": 0.9051724137931034,
      "recall": 0.9545454545454546
    },
    "정치": {
      "f1": 0.49299719887955185,
      "precision": 0.37209302325581395,
      "recall": 0.7302904564315352
    }
  },
  "correct_predictions": 2254,
  "total_samples": 3400,
  "total_time_seconds": 15127.773200273514,
  "average_time_per_sample": 4.449345058903974,
  "samples_per_second": 0.22475217964918506,
  "is_intermediate": true,
  "timestamp": "20250716_103354"
}