{
  "accuracy": 0.6733333333333333,
  "macro_f1": 0.7231414685962866,
  "macro_precision": 0.7130192619251975,
  "macro_recall": 0.7598835716694007,
  "per_class_metrics": {
    "IT과학": {
      "f1": 0.7741935483870968,
      "precision": 0.8,
      "recall": 0.75
    },
    "경제": {
      "f1": 0.7547169811320755,
      "precision": 0.6593406593406593,
      "recall": 0.8823529411764706
    },
    "사회": {
      "f1": 0.7162162162162162,
      "precision": 0.8833333333333333,
      "recall": 0.6022727272727273
    },
    "생활문화": {
      "f1": 0.8142857142857143,
      "precision": 0.8028169014084507,
      "recall": 0.8260869565217391
    },
    "세계": {
      "f1": 0.6451612903225806,
      "precision": 0.6060606060606061,
      "recall": 0.6896551724137931
    },
    "스포츠": {
      "f1": 0.9206349206349206,
      "precision": 0.90625,
      "recall": 0.9354838709677419
    },
    "정치": {
      "f1": 0.4367816091954023,
      "precision": 0.3333333333333333,
      "recall": 0.6333333333333333
    }
  },
  "correct_predictions": 303,
  "total_samples": 450,
  "total_time_seconds": 1938.8426864147186,
  "average_time_per_sample": 4.308539303143819,
  "samples_per_second": 0.23209722127179583,
  "is_intermediate": true,
  "timestamp": "20250716_065405"
}