{
  "accuracy": 0.6691803278688525,
  "macro_f1": 0.7293350498664092,
  "macro_precision": 0.722525319567669,
  "macro_recall": 0.76587617218296,
  "per_class_metrics": {
    "IT과학": {
      "f1": 0.6917057902973396,
      "precision": 0.6842105263157895,
      "recall": 0.6993670886075949
    },
    "경제": {
      "f1": 0.7520408163265306,
      "precision": 0.660394265232975,
      "recall": 0.8732227488151659
    },
    "사회": {
      "f1": 0.719316416364578,
      "precision": 0.8835877862595419,
      "recall": 0.6065502183406114
    },
    "생활문화": {
      "f1": 0.8132825258573761,
      "precision": 0.7838405036726128,
      "recall": 0.8450226244343891
    },
    "세계": {
      "f1": 0.7031963470319634,
      "precision": 0.7586206896551724,
      "recall": 0.6553191489361702
    },
    "스포츠": {
      "f1": 0.9316129032258065,
      "precision": 0.9139240506329114,
      "recall": 0.95
    },
    "정치": {
      "f1": 0.4941905499612703,
      "precision": 0.3730994152046784,
      "recall": 0.731651376146789
    }
  },
  "correct_predictions": 4082,
  "total_samples": 6100,
  "total_time_seconds": 27442.34636902809,
  "average_time_per_sample": 4.498745306398048,
  "samples_per_second": 0.22228419968070098,
  "is_intermediate": true,
  "timestamp": "20250716_135908"
}