{
  "accuracy": 0.6690909090909091,
  "macro_f1": 0.7294019218139484,
  "macro_precision": 0.7226945260576741,
  "macro_recall": 0.765663135788355,
  "per_class_metrics": {
    "IT과학": {
      "f1": 0.6909667194928685,
      "precision": 0.6855345911949685,
      "recall": 0.6964856230031949
    },
    "경제": {
      "f1": 0.750775594622544,
      "precision": 0.658204895738894,
      "recall": 0.8736462093862816
    },
    "사회": {
      "f1": 0.719394413991125,
      "precision": 0.8833333333333333,
      "recall": 0.6067811536767944
    },
    "생활문화": {
      "f1": 0.8144499178981938,
      "precision": 0.7848101265822784,
      "recall": 0.8464163822525598
    },
    "세계": {
      "f1": 0.7034482758620689,
      "precision": 0.7574257425742574,
      "recall": 0.6566523605150214
    },
    "스포츠": {
      "f1": 0.9326424870466321,
      "precision": 0.916030534351145,
      "recall": 0.9498680738786279
    },
    "정치": {
      "f1": 0.4941360437842064,
      "precision": 0.3735224586288416,
      "recall": 0.7297921478060047
    }
  },
  "correct_predictions": 4048,
  "total_samples": 6050,
  "total_time_seconds": 27206.30512404442,
  "average_time_per_sample": 4.4969099378585815,
  "samples_per_second": 0.22237492273999104,
  "is_intermediate": true,
  "timestamp": "20250716_135512"
}