{
  "accuracy": 0.6838823529411765,
  "macro_f1": 0.7452157917480209,
  "macro_precision": 0.7388638733088632,
  "macro_recall": 0.7781201261639176,
  "per_class_metrics": {
    "IT과학": {
      "f1": 0.7344398340248963,
      "precision": 0.7283950617283951,
      "recall": 0.7405857740585774
    },
    "경제": {
      "f1": 0.7677279305354558,
      "precision": 0.6840747904577692,
      "recall": 0.8746908491343776
    },
    "사회": {
      "f1": 0.7337057728119181,
      "precision": 0.8830121021963245,
      "recall": 0.6275884039503027
    },
    "생활문화": {
      "f1": 0.8220570981619085,
      "precision": 0.8010670731707317,
      "recall": 0.8441767068273093
    },
    "세계": {
      "f1": 0.715,
      "precision": 0.7688172043010753,
      "recall": 0.6682242990654206
    },
    "스포츠": {
      "f1": 0.9354838709677419,
      "precision": 0.9197761194029851,
      "recall": 0.9517374517374517
    },
    "정치": {
      "f1": 0.5080960357342267,
      "precision": 0.3869047619047619,
      "recall": 0.7398373983739838
    }
  },
  "correct_predictions": 5813,
  "total_samples": 8500,
  "total_time_seconds": 38215.29250264168,
  "average_time_per_sample": 4.495916765016668,
  "samples_per_second": 0.22242404658848097,
  "is_intermediate": true,
  "timestamp": "20250716_165841"
}