{
  "accuracy": 0.6620689655172414,
  "macro_f1": 0.7205578096470963,
  "macro_precision": 0.7099668903131019,
  "macro_recall": 0.7626037956296444,
  "per_class_metrics": {
    "IT과학": {
      "f1": 0.7027027027027027,
      "precision": 0.6797385620915033,
      "recall": 0.7272727272727273
    },
    "경제": {
      "f1": 0.7616161616161616,
      "precision": 0.666077738515901,
      "recall": 0.8891509433962265
    },
    "사회": {
      "f1": 0.7005524861878453,
      "precision": 0.8842398884239888,
      "recall": 0.5800548947849954
    },
    "생활문화": {
      "f1": 0.7859649122807018,
      "precision": 0.7567567567567568,
      "recall": 0.8175182481751825
    },
    "세계": {
      "f1": 0.6822429906542056,
      "precision": 0.7192118226600985,
      "recall": 0.6488888888888888
    },
    "스포츠": {
      "f1": 0.9312169312169312,
      "precision": 0.9025641025641026,
      "recall": 0.9617486338797814
    },
    "정치": {
      "f1": 0.4796084828711256,
      "precision": 0.36117936117936117,
      "recall": 0.7135922330097088
    }
  },
  "correct_predictions": 1920,
  "total_samples": 2900,
  "total_time_seconds": 12935.178995370865,
  "average_time_per_sample": 4.4604065501278845,
  "samples_per_second": 0.2241948102177657,
  "is_intermediate": true,
  "timestamp": "20250716_095721"
}