{
  "accuracy": 0.6713978494623656,
  "macro_f1": 0.7351499917570887,
  "macro_precision": 0.7270460964563225,
  "macro_recall": 0.7745443175213419,
  "per_class_metrics": {
    "IT과학": {
      "f1": 0.7068607068607069,
      "precision": 0.6910569105691057,
      "recall": 0.723404255319149
    },
    "경제": {
      "f1": 0.7583444592790387,
      "precision": 0.6666666666666666,
      "recall": 0.8792569659442725
    },
    "사회": {
      "f1": 0.7177557304139582,
      "precision": 0.8889830508474577,
      "recall": 0.6018359150889271
    },
    "생활문화": {
      "f1": 0.8037518037518038,
      "precision": 0.7704011065006916,
      "recall": 0.8401206636500754
    },
    "세계": {
      "f1": 0.7102526002971769,
      "precision": 0.7709677419354839,
      "recall": 0.6584022038567493
    },
    "스포츠": {
      "f1": 0.9390444810543658,
      "precision": 0.9163987138263665,
      "recall": 0.9628378378378378
    },
    "정치": {
      "f1": 0.5100401606425703,
      "precision": 0.38484848484848483,
      "recall": 0.7559523809523809
    }
  },
  "correct_predictions": 3122,
  "total_samples": 4650,
  "total_time_seconds": 20806.95929145813,
  "average_time_per_sample": 4.474614901388845,
  "samples_per_second": 0.2234829190976003,
  "is_intermediate": true,
  "timestamp": "20250716_120833"
}