{
  "accuracy": 0.6655696202531646,
  "macro_f1": 0.7260278776155131,
  "macro_precision": 0.7184806822390187,
  "macro_recall": 0.7657701264041096,
  "per_class_metrics": {
    "IT과학": {
      "f1": 0.6954436450839329,
      "precision": 0.6807511737089202,
      "recall": 0.7107843137254902
    },
    "경제": {
      "f1": 0.7524904214559387,
      "precision": 0.6581769436997319,
      "recall": 0.8783542039355993
    },
    "사회": {
      "f1": 0.7106639839034206,
      "precision": 0.8847695390781564,
      "recall": 0.5938130464021519
    },
    "생활문화": {
      "f1": 0.7958477508650519,
      "precision": 0.7666666666666667,
      "recall": 0.8273381294964028
    },
    "세계": {
      "f1": 0.6956521739130435,
      "precision": 0.7547169811320755,
      "recall": 0.6451612903225806
    },
    "스포츠": {
      "f1": 0.9315068493150684,
      "precision": 0.9083969465648855,
      "recall": 0.9558232931726908
    },
    "정치": {
      "f1": 0.500590318772137,
      "precision": 0.375886524822695,
      "recall": 0.7491166077738516
    }
  },
  "correct_predictions": 2629,
  "total_samples": 3950,
  "total_time_seconds": 17579.140473127365,
  "average_time_per_sample": 4.450415309652498,
  "samples_per_second": 0.22469813049382198,
  "is_intermediate": true,
  "timestamp": "20250716_111445"
}