{
  "accuracy": 0.6686666666666666,
  "macro_f1": 0.7289833176786182,
  "macro_precision": 0.7222505785324476,
  "macro_recall": 0.7652270534128152,
  "per_class_metrics": {
    "IT과학": {
      "f1": 0.6909667194928685,
      "precision": 0.6855345911949685,
      "recall": 0.6964856230031949
    },
    "경제": {
      "f1": 0.75,
      "precision": 0.6575342465753424,
      "recall": 0.8727272727272727
    },
    "사회": {
      "f1": 0.7194092827004219,
      "precision": 0.8839922229423202,
      "recall": 0.606491774121832
    },
    "생활문화": {
      "f1": 0.8150609080841639,
      "precision": 0.7846481876332623,
      "recall": 0.847926267281106
    },
    "세계": {
      "f1": 0.7028901734104046,
      "precision": 0.7562189054726368,
      "recall": 0.6565874730021598
    },
    "스포츠": {
      "f1": 0.9324675324675324,
      "precision": 0.9158163265306123,
      "recall": 0.9497354497354498
    },
    "정치": {
      "f1": 0.4920886075949367,
      "precision": 0.37200956937799046,
      "recall": 0.7266355140186916
    }
  },
  "correct_predictions": 4012,
  "total_samples": 6000,
  "total_time_seconds": 26986.58134841919,
  "average_time_per_sample": 4.497763558069865,
  "samples_per_second": 0.2223327187143497,
  "is_intermediate": true,
  "timestamp": "20250716_135132"
}