{
  "accuracy": 0.6876404494382022,
  "macro_f1": 0.749072832679199,
  "macro_precision": 0.743058823375424,
  "macro_recall": 0.781321123747414,
  "per_class_metrics": {
    "IT과학": {
      "f1": 0.7461240310077519,
      "precision": 0.7446808510638298,
      "recall": 0.7475728155339806
    },
    "경제": {
      "f1": 0.7705657757723012,
      "precision": 0.6868811881188119,
      "recall": 0.8774703557312253
    },
    "사회": {
      "f1": 0.7375533428165008,
      "precision": 0.8844349680170576,
      "recall": 0.632509911558402
    },
    "생활문화": {
      "f1": 0.8231775700934579,
      "precision": 0.8030634573304157,
      "recall": 0.8443251533742331
    },
    "세계": {
      "f1": 0.7158730158730159,
      "precision": 0.7696245733788396,
      "recall": 0.6691394658753709
    },
    "스포츠": {
      "f1": 0.9376693766937669,
      "precision": 0.9218472468916519,
      "recall": 0.9540441176470589
    },
    "정치": {
      "f1": 0.5125467164975974,
      "precision": 0.39087947882736157,
      "recall": 0.7441860465116279
    }
  },
  "correct_predictions": 6120,
  "total_samples": 8900,
  "total_time_seconds": 39913.90800285339,
  "average_time_per_sample": 4.48470876436555,
  "samples_per_second": 0.22297991966518915,
  "is_intermediate": true,
  "timestamp": "20250716_172700"
}