{
  "accuracy": 0.6886666666666666,
  "macro_f1": 0.749875900961377,
  "macro_precision": 0.7436521132158932,
  "macro_recall": 0.7818928873648158,
  "per_class_metrics": {
    "IT과학": {
      "f1": 0.7483253588516746,
      "precision": 0.7461832061068703,
      "recall": 0.7504798464491362
    },
    "경제": {
      "f1": 0.7727583846680356,
      "precision": 0.6892551892551892,
      "recall": 0.8792834890965732
    },
    "사회": {
      "f1": 0.7391610856538597,
      "precision": 0.8851836217813424,
      "recall": 0.6344931921331316
    },
    "생활문화": {
      "f1": 0.8227474150664698,
      "precision": 0.8037518037518038,
      "recall": 0.8426626323751891
    },
    "세계": {
      "f1": 0.7147335423197492,
      "precision": 0.7663865546218488,
      "recall": 0.6696035242290749
    },
    "스포츠": {
      "f1": 0.9386666666666666,
      "precision": 0.9230769230769231,
      "recall": 0.9547920433996383
    },
    "정치": {
      "f1": 0.5127388535031847,
      "precision": 0.39172749391727496,
      "recall": 0.7419354838709677
    }
  },
  "correct_predictions": 6198,
  "total_samples": 9000,
  "total_time_seconds": 40339.37402868271,
  "average_time_per_sample": 4.482152669853634,
  "samples_per_second": 0.22310708127500156,
  "is_intermediate": true,
  "timestamp": "20250716_173405"
}