{
  "accuracy": 0.6702564102564103,
  "macro_f1": 0.7295191704219169,
  "macro_precision": 0.722497893323039,
  "macro_recall": 0.7653688572411291,
  "per_class_metrics": {
    "IT과학": {
      "f1": 0.6903225806451613,
      "precision": 0.6837060702875399,
      "recall": 0.6970684039087948
    },
    "경제": {
      "f1": 0.7512090274046211,
      "precision": 0.6581920903954802,
      "recall": 0.8748435544430538
    },
    "사회": {
      "f1": 0.721399730820996,
      "precision": 0.8839050131926122,
      "recall": 0.6093678944974988
    },
    "생활문화": {
      "f1": 0.8153230417381361,
      "precision": 0.7835164835164835,
      "recall": 0.8498212157330155
    },
    "세계": {
      "f1": 0.702002355712603,
      "precision": 0.7563451776649747,
      "recall": 0.654945054945055
    },
    "스포츠": {
      "f1": 0.9324503311258279,
      "precision": 0.9166666666666666,
      "recall": 0.9487870619946092
    },
    "정치": {
      "f1": 0.4939271255060729,
      "precision": 0.3751537515375154,
      "recall": 0.7227488151658767
    }
  },
  "correct_predictions": 3921,
  "total_samples": 5850,
  "total_time_seconds": 26296.66316819191,
  "average_time_per_sample": 4.495156097126822,
  "samples_per_second": 0.2224616850656581,
  "is_intermediate": true,
  "timestamp": "20250716_134002"
}