{
  "accuracy": 0.6681395348837209,
  "macro_f1": 0.7312519617876588,
  "macro_precision": 0.7233229382407378,
  "macro_recall": 0.7700381134636273,
  "per_class_metrics": {
    "IT과학": {
      "f1": 0.701123595505618,
      "precision": 0.6933333333333334,
      "recall": 0.7090909090909091
    },
    "경제": {
      "f1": 0.757640369580668,
      "precision": 0.66541822721598,
      "recall": 0.8795379537953796
    },
    "사회": {
      "f1": 0.7154471544715447,
      "precision": 0.8880733944954129,
      "recall": 0.599009900990099
    },
    "생활문화": {
      "f1": 0.795869737887212,
      "precision": 0.7625570776255708,
      "recall": 0.8322259136212624
    },
    "세계": {
      "f1": 0.7101910828025477,
      "precision": 0.7636986301369864,
      "recall": 0.6636904761904762
    },
    "스포츠": {
      "f1": 0.9330922242314648,
      "precision": 0.9084507042253521,
      "recall": 0.9591078066914498
    },
    "정치": {
      "f1": 0.5053995680345572,
      "precision": 0.3817292006525285,
      "recall": 0.7476038338658147
    }
  },
  "correct_predictions": 2873,
  "total_samples": 4300,
  "total_time_seconds": 19232.93637728691,
  "average_time_per_sample": 4.4727759016946305,
  "samples_per_second": 0.22357480499327573,
  "is_intermediate": true,
  "timestamp": "20250716_114219"
}