{
  "accuracy": 0.6678740157480315,
  "macro_f1": 0.7291994382302004,
  "macro_precision": 0.7223476833585291,
  "macro_recall": 0.7652032276186473,
  "per_class_metrics": {
    "IT과학": {
      "f1": 0.6891271056661562,
      "precision": 0.6838905775075987,
      "recall": 0.6944444444444444
    },
    "경제": {
      "f1": 0.7485148514851485,
      "precision": 0.6556808326105811,
      "recall": 0.8719723183391004
    },
    "사회": {
      "f1": 0.7174129353233831,
      "precision": 0.8819571865443425,
      "recall": 0.6046121593291405
    },
    "생활문화": {
      "f1": 0.8136482939632546,
      "precision": 0.7828282828282829,
      "recall": 0.8469945355191257
    },
    "세계": {
      "f1": 0.7041942604856513,
      "precision": 0.7577197149643705,
      "recall": 0.6577319587628866
    },
    "스포츠": {
      "f1": 0.9304029304029304,
      "precision": 0.9136690647482014,
      "recall": 0.9477611940298507
    },
    "정치": {
      "f1": 0.5010956902848794,
      "precision": 0.3806881243063263,
      "recall": 0.7329059829059829
    }
  },
  "correct_predictions": 4241,
  "total_samples": 6350,
  "total_time_seconds": 28643.682237625122,
  "average_time_per_sample": 4.510816100413405,
  "samples_per_second": 0.221689374547624,
  "is_intermediate": true,
  "timestamp": "20250716_141910"
}