{
  "accuracy": 0.6798780487804879,
  "macro_f1": 0.7408870007863005,
  "macro_precision": 0.7345265797674714,
  "macro_recall": 0.7745863201990509,
  "per_class_metrics": {
    "IT과학": {
      "f1": 0.7239130434782609,
      "precision": 0.7161290322580646,
      "recall": 0.7318681318681318
    },
    "경제": {
      "f1": 0.7615094339622641,
      "precision": 0.6758204956463496,
      "recall": 0.8720829732065687
    },
    "사회": {
      "f1": 0.7298286154438668,
      "precision": 0.8809855880985588,
      "recall": 0.6229454306377383
    },
    "생활문화": {
      "f1": 0.8185858585858586,
      "precision": 0.7970102281667978,
      "recall": 0.8413621262458472
    },
    "세계": {
      "f1": 0.7092320966350302,
      "precision": 0.7667910447761194,
      "recall": 0.6597110754414125
    },
    "스포츠": {
      "f1": 0.9347826086956522,
      "precision": 0.9184466019417475,
      "recall": 0.9517102615694165
    },
    "정치": {
      "f1": 0.5083573487031701,
      "precision": 0.38650306748466257,
      "recall": 0.7424242424242424
    }
  },
  "correct_predictions": 5575,
  "total_samples": 8200,
  "total_time_seconds": 36878.703717947006,
  "average_time_per_sample": 4.497402892432562,
  "samples_per_second": 0.2223505485093684,
  "is_intermediate": true,
  "timestamp": "20250716_163625"
}