{
  "accuracy": 0.6701785714285714,
  "macro_f1": 0.7322176848093577,
  "macro_precision": 0.7259508082561865,
  "macro_recall": 0.7673751032836902,
  "per_class_metrics": {
    "IT과학": {
      "f1": 0.6947723440134908,
      "precision": 0.6889632107023411,
      "recall": 0.7006802721088435
    },
    "경제": {
      "f1": 0.748740906547286,
      "precision": 0.6565260058881256,
      "recall": 0.87109375
    },
    "사회": {
      "f1": 0.7200226244343891,
      "precision": 0.881578947368421,
      "recall": 0.608508604206501
    },
    "생활문화": {
      "f1": 0.8158368326334733,
      "precision": 0.7843137254901961,
      "recall": 0.85
    },
    "세계": {
      "f1": 0.7092024539877301,
      "precision": 0.7686170212765957,
      "recall": 0.6583143507972665
    },
    "스포츠": {
      "f1": 0.9361111111111111,
      "precision": 0.9207650273224044,
      "recall": 0.9519774011299436
    },
    "정치": {
      "f1": 0.5008375209380235,
      "precision": 0.38089171974522296,
      "recall": 0.7310513447432763
    }
  },
  "correct_predictions": 3753,
  "total_samples": 5600,
  "total_time_seconds": 25171.786219120026,
  "average_time_per_sample": 4.4949618248428616,
  "samples_per_second": 0.22247129986136396,
  "is_intermediate": true,
  "timestamp": "20250716_132118"
}