{
  "accuracy": 0.6855491329479769,
  "macro_f1": 0.7463546840237967,
  "macro_precision": 0.7402207211939998,
  "macro_recall": 0.7790929019199295,
  "per_class_metrics": {
    "IT과학": {
      "f1": 0.738430583501006,
      "precision": 0.7354709418837675,
      "recall": 0.7414141414141414
    },
    "경제": {
      "f1": 0.7681365576102418,
      "precision": 0.6835443037974683,
      "recall": 0.8766233766233766
    },
    "사회": {
      "f1": 0.7348207754206291,
      "precision": 0.8838539375274967,
      "recall": 0.6287949921752739
    },
    "생활문화": {
      "f1": 0.8238003838771593,
      "precision": 0.80374531835206,
      "recall": 0.8448818897637795
    },
    "세계": {
      "f1": 0.71499176276771,
      "precision": 0.768141592920354,
      "recall": 0.6687211093990755
    },
    "스포츠": {
      "f1": 0.9360518999073216,
      "precision": 0.9198542805100182,
      "recall": 0.9528301886792453
    },
    "정치": {
      "f1": 0.5082508250825083,
      "precision": 0.3869346733668342,
      "recall": 0.7403846153846154
    }
  },
  "correct_predictions": 5930,
  "total_samples": 8650,
  "total_time_seconds": 38847.42180252075,
  "average_time_per_sample": 4.491031422256734,
  "samples_per_second": 0.22266599940587858,
  "is_intermediate": true,
  "timestamp": "20250716_170913"
}