{
  "accuracy": 0.6672340425531915,
  "macro_f1": 0.7275401175405554,
  "macro_precision": 0.7207966962398606,
  "macro_recall": 0.7639239799193154,
  "per_class_metrics": {
    "IT과학": {
      "f1": 0.6841379310344827,
      "precision": 0.6739130434782609,
      "recall": 0.6946778711484594
    },
    "경제": {
      "f1": 0.743521000893655,
      "precision": 0.651017214397496,
      "recall": 0.8666666666666667
    },
    "사회": {
      "f1": 0.7149888143176734,
      "precision": 0.878021978021978,
      "recall": 0.6030188679245283
    },
    "생활문화": {
      "f1": 0.8104265402843602,
      "precision": 0.7822506861848124,
      "recall": 0.8407079646017699
    },
    "세계": {
      "f1": 0.7066795740561471,
      "precision": 0.7668067226890757,
      "recall": 0.6552962298025135
    },
    "스포츠": {
      "f1": 0.9317180616740088,
      "precision": 0.9136069114470843,
      "recall": 0.950561797752809
    },
    "정치": {
      "f1": 0.5013089005235603,
      "precision": 0.37996031746031744,
      "recall": 0.7365384615384616
    }
  },
  "correct_predictions": 4704,
  "total_samples": 7050,
  "total_time_seconds": 31835.31712245941,
  "average_time_per_sample": 4.515647818788569,
  "samples_per_second": 0.22145216813393434,
  "is_intermediate": true,
  "timestamp": "20250716_151221"
}