{
  "accuracy": 0.6603030303030303,
  "macro_f1": 0.719079391231788,
  "macro_precision": 0.7122852429205359,
  "macro_recall": 0.7578606354107232,
  "per_class_metrics": {
    "IT과학": {
      "f1": 0.6966966966966966,
      "precision": 0.6863905325443787,
      "recall": 0.7073170731707317
    },
    "경제": {
      "f1": 0.7542147293700089,
      "precision": 0.6548536209553159,
      "recall": 0.8891213389121339
    },
    "사회": {
      "f1": 0.7032540067994172,
      "precision": 0.881851400730816,
      "recall": 0.5848142164781907
    },
    "생활문화": {
      "f1": 0.7819706498951782,
      "precision": 0.7505030181086519,
      "recall": 0.8161925601750547
    },
    "세계": {
      "f1": 0.6776859504132231,
      "precision": 0.7354260089686099,
      "recall": 0.6283524904214559
    },
    "스포츠": {
      "f1": 0.9297052154195011,
      "precision": 0.9070796460176991,
      "recall": 0.9534883720930233
    },
    "정치": {
      "f1": 0.49002849002849,
      "precision": 0.36989247311827955,
      "recall": 0.7257383966244726
    }
  },
  "correct_predictions": 2179,
  "total_samples": 3300,
  "total_time_seconds": 14711.082657814026,
  "average_time_per_sample": 4.45790383570122,
  "samples_per_second": 0.22432067555865118,
  "is_intermediate": true,
  "timestamp": "20250716_102657"
}