{
  "accuracy": 0.6698305084745763,
  "macro_f1": 0.7289523954849016,
  "macro_precision": 0.7220547200958695,
  "macro_recall": 0.7649360446763777,
  "per_class_metrics": {
    "IT과학": {
      "f1": 0.6892109500805152,
      "precision": 0.6837060702875399,
      "recall": 0.6948051948051948
    },
    "경제": {
      "f1": 0.7514573396926338,
      "precision": 0.6583101207056639,
      "recall": 0.8753086419753087
    },
    "사회": {
      "f1": 0.720855614973262,
      "precision": 0.8839344262295082,
      "recall": 0.6085778781038375
    },
    "생활문화": {
      "f1": 0.8153585544889893,
      "precision": 0.7847826086956522,
      "recall": 0.8484136310223267
    },
    "세계": {
      "f1": 0.7024504084014003,
      "precision": 0.7562814070351759,
      "recall": 0.6557734204793029
    },
    "스포츠": {
      "f1": 0.9313984168865436,
      "precision": 0.9145077720207254,
      "recall": 0.9489247311827957
    },
    "정치": {
      "f1": 0.49193548387096775,
      "precision": 0.37286063569682154,
      "recall": 0.7227488151658767
    }
  },
  "correct_predictions": 3952,
  "total_samples": 5900,
  "total_time_seconds": 26537.482293844223,
  "average_time_per_sample": 4.497878354888852,
  "samples_per_second": 0.22232704424144245,
  "is_intermediate": true,
  "timestamp": "20250716_134403"
}