{
  "accuracy": 0.6696629213483146,
  "macro_f1": 0.7334416957660783,
  "macro_precision": 0.7252982174893509,
  "macro_recall": 0.7722016159766348,
  "per_class_metrics": {
    "IT과학": {
      "f1": 0.7068965517241379,
      "precision": 0.6949152542372882,
      "recall": 0.7192982456140351
    },
    "경제": {
      "f1": 0.7581427581427581,
      "precision": 0.6670731707317074,
      "recall": 0.8780096308186196
    },
    "사회": {
      "f1": 0.7166309778729479,
      "precision": 0.8861429832303619,
      "recall": 0.6015578190533254
    },
    "생활문화": {
      "f1": 0.7978642257818459,
      "precision": 0.7657393850658858,
      "recall": 0.8328025477707006
    },
    "세계": {
      "f1": 0.7089783281733746,
      "precision": 0.7658862876254181,
      "recall": 0.659942363112392
    },
    "스포츠": {
      "f1": 0.9356521739130435,
      "precision": 0.911864406779661,
      "recall": 0.9607142857142857
    },
    "정치": {
      "f1": 0.509926854754441,
      "precision": 0.3854660347551343,
      "recall": 0.7530864197530864
    }
  },
  "correct_predictions": 2980,
  "total_samples": 4450,
  "total_time_seconds": 19874.96432042122,
  "average_time_per_sample": 4.4662841169485885,
  "samples_per_second": 0.22389977301381586,
  "is_intermediate": true,
  "timestamp": "20250716_115301"
}