{
  "accuracy": 0.6860571428571428,
  "macro_f1": 0.7472960168512114,
  "macro_precision": 0.7412399191063178,
  "macro_recall": 0.7798533501289732,
  "per_class_metrics": {
    "IT과학": {
      "f1": 0.7425742574257426,
      "precision": 0.7396449704142012,
      "recall": 0.7455268389662028
    },
    "경제": {
      "f1": 0.7689594356261023,
      "precision": 0.6846733668341709,
      "recall": 0.8769106999195495
    },
    "사회": {
      "f1": 0.7355656108597285,
      "precision": 0.8834782608695653,
      "recall": 0.6300775193798449
    },
    "생활문화": {
      "f1": 0.8224582701062215,
      "precision": 0.802962962962963,
      "recall": 0.8429237947122862
    },
    "세계": {
      "f1": 0.7150928167877321,
      "precision": 0.7690972222222222,
      "recall": 0.6681749622926093
    },
    "스포츠": {
      "f1": 0.9366391184573003,
      "precision": 0.9205776173285198,
      "recall": 0.9532710280373832
    },
    "정치": {
      "f1": 0.5097826086956522,
      "precision": 0.3882450331125828,
      "recall": 0.7420886075949367
    }
  },
  "correct_predictions": 6003,
  "total_samples": 8750,
  "total_time_seconds": 39286.02564787865,
  "average_time_per_sample": 4.489831502614702,
  "samples_per_second": 0.22272550749791814,
  "is_intermediate": true,
  "timestamp": "20250716_171632"
}