{
  "accuracy": 0.6685496183206107,
  "macro_f1": 0.729558467648302,
  "macro_precision": 0.7227329068985325,
  "macro_recall": 0.765385987482944,
  "per_class_metrics": {
    "IT과학": {
      "f1": 0.6884272997032641,
      "precision": 0.6823529411764706,
      "recall": 0.6946107784431138
    },
    "경제": {
      "f1": 0.7488015340364333,
      "precision": 0.6557514693534845,
      "recall": 0.8726256983240224
    },
    "사회": {
      "f1": 0.7174909529553679,
      "precision": 0.8814463544754001,
      "recall": 0.6049633848657445
    },
    "생활문화": {
      "f1": 0.8131313131313131,
      "precision": 0.7838364167478091,
      "recall": 0.844700944386149
    },
    "세계": {
      "f1": 0.7044967880085653,
      "precision": 0.7580645161290323,
      "recall": 0.658
    },
    "스포츠": {
      "f1": 0.9317365269461078,
      "precision": 0.9152941176470588,
      "recall": 0.948780487804878
    },
    "정치": {
      "f1": 0.5028248587570622,
      "precision": 0.38238453276047263,
      "recall": 0.734020618556701
    }
  },
  "correct_predictions": 4379,
  "total_samples": 6550,
  "total_time_seconds": 29547.914901971817,
  "average_time_per_sample": 4.511132046102568,
  "samples_per_second": 0.22167384811179688,
  "is_intermediate": true,
  "timestamp": "20250716_143414"
}