{
  "accuracy": 0.6820359281437126,
  "macro_f1": 0.7430371636760447,
  "macro_precision": 0.7366915891126787,
  "macro_recall": 0.7764979162507786,
  "per_class_metrics": {
    "IT과학": {
      "f1": 0.7272727272727273,
      "precision": 0.7203389830508474,
      "recall": 0.734341252699784
    },
    "경제": {
      "f1": 0.7640532544378699,
      "precision": 0.6791584483892176,
      "recall": 0.8732037193575655
    },
    "사회": {
      "f1": 0.7316058256099868,
      "precision": 0.8822992700729927,
      "recall": 0.6248788368336026
    },
    "생활문화": {
      "f1": 0.820675944333996,
      "precision": 0.8,
      "recall": 0.8424489795918367
    },
    "세계": {
      "f1": 0.7134404057480981,
      "precision": 0.7686703096539163,
      "recall": 0.6656151419558359
    },
    "스포츠": {
      "f1": 0.9362934362934363,
      "precision": 0.920303605313093,
      "recall": 0.9528487229862476
    },
    "정치": {
      "f1": 0.5079185520361991,
      "precision": 0.3860705073086844,
      "recall": 0.7421487603305785
    }
  },
  "correct_predictions": 5695,
  "total_samples": 8350,
  "total_time_seconds": 37538.52048039436,
  "average_time_per_sample": 4.49563119525681,
  "samples_per_second": 0.22243817532342655,
  "is_intermediate": true,
  "timestamp": "20250716_164724"
}