{
  "accuracy": 0.66928,
  "macro_f1": 0.7295513718524644,
  "macro_precision": 0.7221185578204887,
  "macro_recall": 0.7657609800897814,
  "per_class_metrics": {
    "IT과학": {
      "f1": 0.6883720930232559,
      "precision": 0.6809815950920245,
      "recall": 0.6959247648902821
    },
    "경제": {
      "f1": 0.7518721917124314,
      "precision": 0.659369527145359,
      "recall": 0.8745644599303136
    },
    "사회": {
      "f1": 0.7191919191919192,
      "precision": 0.8828270303781773,
      "recall": 0.6067319982956967
    },
    "생활문화": {
      "f1": 0.8126001067805659,
      "precision": 0.7829218106995884,
      "recall": 0.8446170921198668
    },
    "세계": {
      "f1": 0.7039106145251397,
      "precision": 0.7553956834532374,
      "recall": 0.6589958158995816
    },
    "스포츠": {
      "f1": 0.9331683168316832,
      "precision": 0.9150485436893204,
      "recall": 0.952020202020202
    },
    "정치": {
      "f1": 0.49774436090225566,
      "precision": 0.3782857142857143,
      "recall": 0.7274725274725274
    }
  },
  "correct_predictions": 4183,
  "total_samples": 6250,
  "total_time_seconds": 28113.153940677643,
  "average_time_per_sample": 4.498104630508423,
  "samples_per_second": 0.22231586015529603,
  "is_intermediate": true,
  "timestamp": "20250716_141019"
}