{
  "accuracy": 0.6825,
  "macro_f1": 0.7435769865172485,
  "macro_precision": 0.7371474639827488,
  "macro_recall": 0.7767949734459806,
  "per_class_metrics": {
    "IT과학": {
      "f1": 0.729957805907173,
      "precision": 0.7238493723849372,
      "recall": 0.7361702127659574
    },
    "경제": {
      "f1": 0.7651598676957001,
      "precision": 0.6803921568627451,
      "recall": 0.8740554156171285
    },
    "사회": {
      "f1": 0.7323678766221553,
      "precision": 0.8825929283771532,
      "recall": 0.6258437801350049
    },
    "생활문화": {
      "f1": 0.8212025316455697,
      "precision": 0.8003084040092521,
      "recall": 0.843216896831844
    },
    "세계": {
      "f1": 0.7132043734230445,
      "precision": 0.7667269439421338,
      "recall": 0.6666666666666666
    },
    "스포츠": {
      "f1": 0.9366602687140115,
      "precision": 0.9207547169811321,
      "recall": 0.953125
    },
    "정치": {
      "f1": 0.5064861816130851,
      "precision": 0.38540772532188844,
      "recall": 0.7384868421052632
    }
  },
  "correct_predictions": 5733,
  "total_samples": 8400,
  "total_time_seconds": 37767.46577334404,
  "average_time_per_sample": 4.496126877779052,
  "samples_per_second": 0.22241365227975263,
  "is_intermediate": true,
  "timestamp": "20250716_165113"
}