{
  "accuracy": 0.6538461538461539,
  "macro_f1": 0.7168927853679218,
  "macro_precision": 0.7054801312328776,
  "macro_recall": 0.7665375611909514,
  "per_class_metrics": {
    "IT과학": {
      "f1": 0.6929133858267716,
      "precision": 0.676923076923077,
      "recall": 0.7096774193548387
    },
    "경제": {
      "f1": 0.7412935323383084,
      "precision": 0.6367521367521367,
      "recall": 0.8869047619047619
    },
    "사회": {
      "f1": 0.694074969770254,
      "precision": 0.8996865203761756,
      "recall": 0.5649606299212598
    },
    "생활문화": {
      "f1": 0.7911547911547911,
      "precision": 0.7419354838709677,
      "recall": 0.8473684210526315
    },
    "세계": {
      "f1": 0.6979166666666666,
      "precision": 0.7282608695652174,
      "recall": 0.67
    },
    "스포츠": {
      "f1": 0.9285714285714286,
      "precision": 0.9069767441860465,
      "recall": 0.9512195121951219
    },
    "정치": {
      "f1": 0.47232472324723246,
      "precision": 0.34782608695652173,
      "recall": 0.735632183908046
    }
  },
  "correct_predictions": 850,
  "total_samples": 1300,
  "total_time_seconds": 5758.618510007858,
  "average_time_per_sample": 4.429706546159891,
  "samples_per_second": 0.22574858844022053,
  "is_intermediate": true,
  "timestamp": "20250716_075744"
}