{
  "accuracy": 0.6621621621621622,
  "macro_f1": 0.7225446830034977,
  "macro_precision": 0.7146215185042089,
  "macro_recall": 0.7628395354755716,
  "per_class_metrics": {
    "IT과학": {
      "f1": 0.6907216494845361,
      "precision": 0.6733668341708543,
      "recall": 0.708994708994709
    },
    "경제": {
      "f1": 0.7489975942261428,
      "precision": 0.6522346368715084,
      "recall": 0.879472693032015
    },
    "사회": {
      "f1": 0.7041394335511982,
      "precision": 0.8830601092896175,
      "recall": 0.5855072463768116
    },
    "생활문화": {
      "f1": 0.7911683532658693,
      "precision": 0.7637655417406749,
      "recall": 0.8206106870229007
    },
    "세계": {
      "f1": 0.6877323420074349,
      "precision": 0.7429718875502008,
      "recall": 0.6401384083044983
    },
    "스포츠": {
      "f1": 0.9325153374233128,
      "precision": 0.9083665338645418,
      "recall": 0.957983193277311
    },
    "정치": {
      "f1": 0.5025380710659898,
      "precision": 0.37858508604206503,
      "recall": 0.7471698113207547
    }
  },
  "correct_predictions": 2450,
  "total_samples": 3700,
  "total_time_seconds": 16504.843683719635,
  "average_time_per_sample": 4.460768563167469,
  "samples_per_second": 0.22417661571976458,
  "is_intermediate": true,
  "timestamp": "20250716_105651"
}