{
  "accuracy": 0.6715463917525774,
  "macro_f1": 0.7356650546841451,
  "macro_precision": 0.7284378920504709,
  "macro_recall": 0.7735808871104722,
  "per_class_metrics": {
    "IT과학": {
      "f1": 0.7061143984220908,
      "precision": 0.6964980544747081,
      "recall": 0.716
    },
    "경제": {
      "f1": 0.7554140127388536,
      "precision": 0.6633109619686801,
      "recall": 0.8772189349112426
    },
    "사회": {
      "f1": 0.7196323046618516,
      "precision": 0.8874493927125506,
      "recall": 0.605190502484815
    },
    "생활문화": {
      "f1": 0.8061581525542337,
      "precision": 0.7731543624161074,
      "recall": 0.8421052631578947
    },
    "세계": {
      "f1": 0.7085714285714285,
      "precision": 0.7725856697819314,
      "recall": 0.6543535620052771
    },
    "스포츠": {
      "f1": 0.940251572327044,
      "precision": 0.9171779141104295,
      "recall": 0.964516129032258
    },
    "정치": {
      "f1": 0.5135135135135135,
      "precision": 0.3888888888888889,
      "recall": 0.7556818181818182
    }
  },
  "correct_predictions": 3257,
  "total_samples": 4850,
  "total_time_seconds": 21722.83749771118,
  "average_time_per_sample": 4.478935566538388,
  "samples_per_second": 0.22326733330813797,
  "is_intermediate": true,
  "timestamp": "20250716_122349"
}