{
  "accuracy": 0.6575609756097561,
  "macro_f1": 0.7161364340066506,
  "macro_precision": 0.7066028575672061,
  "macro_recall": 0.760641092396143,
  "per_class_metrics": {
    "IT과학": {
      "f1": 0.693069306930693,
      "precision": 0.6542056074766355,
      "recall": 0.7368421052631579
    },
    "경제": {
      "f1": 0.7517934002869441,
      "precision": 0.6517412935323383,
      "recall": 0.888135593220339
    },
    "사회": {
      "f1": 0.6908809891808346,
      "precision": 0.8799212598425197,
      "recall": 0.5687022900763359
    },
    "생활문화": {
      "f1": 0.7817258883248731,
      "precision": 0.7549019607843137,
      "recall": 0.8105263157894737
    },
    "세계": {
      "f1": 0.6643109540636042,
      "precision": 0.7230769230769231,
      "recall": 0.6143790849673203
    },
    "스포츠": {
      "f1": 0.9432624113475178,
      "precision": 0.9172413793103448,
      "recall": 0.9708029197080292
    },
    "정치": {
      "f1": 0.4879120879120879,
      "precision": 0.3651315789473684,
      "recall": 0.7350993377483444
    }
  },
  "correct_predictions": 1348,
  "total_samples": 2050,
  "total_time_seconds": 9171.261210918427,
  "average_time_per_sample": 4.473785956545574,
  "samples_per_second": 0.22352432809998543,
  "is_intermediate": true,
  "timestamp": "20250716_085437"
}