{
  "accuracy": 0.671304347826087,
  "macro_f1": 0.734816828509282,
  "macro_precision": 0.7266325396245857,
  "macro_recall": 0.773936835496761,
  "per_class_metrics": {
    "IT과학": {
      "f1": 0.7044025157232704,
      "precision": 0.6885245901639344,
      "recall": 0.721030042918455
    },
    "경제": {
      "f1": 0.7599193006052455,
      "precision": 0.6686390532544378,
      "recall": 0.8800623052959502
    },
    "사회": {
      "f1": 0.7180906260809409,
      "precision": 0.8879384088964928,
      "recall": 0.6027874564459931
    },
    "생활문화": {
      "f1": 0.8014598540145985,
      "precision": 0.7678321678321678,
      "recall": 0.8381679389312977
    },
    "세계": {
      "f1": 0.7088989441930619,
      "precision": 0.7704918032786885,
      "recall": 0.6564245810055865
    },
    "스포츠": {
      "f1": 0.9382303839732888,
      "precision": 0.9153094462540716,
      "recall": 0.9623287671232876
    },
    "정치": {
      "f1": 0.5127161749745677,
      "precision": 0.38769230769230767,
      "recall": 0.7567567567567568
    }
  },
  "correct_predictions": 3088,
  "total_samples": 4600,
  "total_time_seconds": 20581.37482070923,
  "average_time_per_sample": 4.474211917545484,
  "samples_per_second": 0.22350304778334945,
  "is_intermediate": true,
  "timestamp": "20250716_120447"
}