{
  "accuracy": 0.5,
  "correct_predictions": 5,
  "total_samples": 10,
  "total_time_seconds": 45.98773169517517,
  "average_time_per_sample": 4.598773169517517,
  "samples_per_second": 0.21744929857127865
}