{
  "accuracy": 0.6592727272727272,
  "macro_f1": 0.717583565918514,
  "macro_precision": 0.7062839305080287,
  "macro_recall": 0.7612066686669822,
  "per_class_metrics": {
    "IT과학": {
      "f1": 0.7092198581560284,
      "precision": 0.6756756756756757,
      "recall": 0.746268656716418
    },
    "경제": {
      "f1": 0.7605042016806722,
      "precision": 0.6642201834862386,
      "recall": 0.8894348894348895
    },
    "사회": {
      "f1": 0.6928487690504103,
      "precision": 0.8807749627421758,
      "recall": 0.5710144927536231
    },
    "생활문화": {
      "f1": 0.7857142857142857,
      "precision": 0.7595238095238095,
      "recall": 0.8137755102040817
    },
    "세계": {
      "f1": 0.6666666666666666,
      "precision": 0.7058823529411765,
      "recall": 0.631578947368421
    },
    "스포츠": {
      "f1": 0.931129476584022,
      "precision": 0.898936170212766,
      "recall": 0.9657142857142857
    },
    "정치": {
      "f1": 0.47700170357751276,
      "precision": 0.358974358974359,
      "recall": 0.7106598984771574
    }
  },
  "correct_predictions": 1813,
  "total_samples": 2750,
  "total_time_seconds": 12294.412342309952,
  "average_time_per_sample": 4.4706953972036185,
  "samples_per_second": 0.22367884884876998,
  "is_intermediate": true,
  "timestamp": "20250716_094640"
}