{
  "accuracy": 0.667027027027027,
  "macro_f1": 0.7277871468137124,
  "macro_precision": 0.7211967218250013,
  "macro_recall": 0.763388523652471,
  "per_class_metrics": {
    "IT과학": {
      "f1": 0.6842800528401585,
      "precision": 0.6744791666666666,
      "recall": 0.6943699731903485
    },
    "경제": {
      "f1": 0.7450148493848112,
      "precision": 0.65424739195231,
      "recall": 0.865024630541872
    },
    "사회": {
      "f1": 0.7167802385008518,
      "precision": 0.8765625,
      "recall": 0.6062680115273775
    },
    "생활문화": {
      "f1": 0.8093735917079765,
      "precision": 0.7829119442022667,
      "recall": 0.8376865671641791
    },
    "세계": {
      "f1": 0.7060998151571165,
      "precision": 0.7655310621242485,
      "recall": 0.6552315608919382
    },
    "스포츠": {
      "f1": 0.9339019189765458,
      "precision": 0.9163179916317992,
      "recall": 0.9521739130434783
    },
    "정치": {
      "f1": 0.4990595611285266,
      "precision": 0.37832699619771865,
      "recall": 0.7329650092081031
    }
  },
  "correct_predictions": 4936,
  "total_samples": 7400,
  "total_time_seconds": 33457.81261014938,
  "average_time_per_sample": 4.5213260283985655,
  "samples_per_second": 0.22117405241713917,
  "is_intermediate": true,
  "timestamp": "20250716_153924"
}