{
  "accuracy": 0.6880446927374302,
  "macro_f1": 0.7491195231566411,
  "macro_precision": 0.7428943932189486,
  "macro_recall": 0.7811518136280988,
  "per_class_metrics": {
    "IT과학": {
      "f1": 0.7463837994214079,
      "precision": 0.7442307692307693,
      "recall": 0.7485493230174082
    },
    "경제": {
      "f1": 0.7714581178903827,
      "precision": 0.6877688998156115,
      "recall": 0.8783359497645212
    },
    "사회": {
      "f1": 0.7388152077807251,
      "precision": 0.8847945785684033,
      "recall": 0.6341833636915604
    },
    "생활문화": {
      "f1": 0.8223048327137547,
      "precision": 0.8031953522149601,
      "recall": 0.8423457730388424
    },
    "세계": {
      "f1": 0.7145110410094637,
      "precision": 0.766497461928934,
      "recall": 0.6691285081240768
    },
    "스포츠": {
      "f1": 0.9381165919282511,
      "precision": 0.9223985890652557,
      "recall": 0.9543795620437956
    },
    "정치": {
      "f1": 0.5122470713525027,
      "precision": 0.39137510170870626,
      "recall": 0.7411402157164869
    }
  },
  "correct_predictions": 6158,
  "total_samples": 8950,
  "total_time_seconds": 40127.40574550629,
  "average_time_per_sample": 4.483509021844278,
  "samples_per_second": 0.22303958687890696,
  "is_intermediate": true,
  "timestamp": "20250716_173033"
}