{
  "accuracy": 0.6718,
  "macro_f1": 0.7357926776222145,
  "macro_precision": 0.7279101036954981,
  "macro_recall": 0.7735879401180851,
  "per_class_metrics": {
    "IT과학": {
      "f1": 0.7049808429118773,
      "precision": 0.6917293233082706,
      "recall": 0.71875
    },
    "경제": {
      "f1": 0.7531017369727047,
      "precision": 0.6619411123227917,
      "recall": 0.8733812949640288
    },
    "사회": {
      "f1": 0.7211446740858506,
      "precision": 0.8866301798279906,
      "recall": 0.6077170418006431
    },
    "생활문화": {
      "f1": 0.8086253369272237,
      "precision": 0.7761966364812419,
      "recall": 0.8438818565400844
    },
    "세계": {
      "f1": 0.7117241379310345,
      "precision": 0.7747747747747747,
      "recall": 0.6581632653061225
    },
    "스포츠": {
      "f1": 0.9400921658986175,
      "precision": 0.9161676646706587,
      "recall": 0.9652996845425867
    },
    "정치": {
      "f1": 0.510879848628193,
      "precision": 0.3879310344827586,
      "recall": 0.7479224376731302
    }
  },
  "correct_predictions": 3359,
  "total_samples": 5000,
  "total_time_seconds": 22395.15720963478,
  "average_time_per_sample": 4.479031441926956,
  "samples_per_second": 0.22326255418510366,
  "is_intermediate": true,
  "timestamp": "20250716_123501"
}