{
  "accuracy": 0.6533333333333333,
  "macro_f1": 0.7187215446188401,
  "macro_precision": 0.7087389911460961,
  "macro_recall": 0.7674477682916244,
  "per_class_metrics": {
    "IT과학": {
      "f1": 0.6964285714285714,
      "precision": 0.6842105263157895,
      "recall": 0.7090909090909091
    },
    "경제": {
      "f1": 0.7422680412371134,
      "precision": 0.6371681415929203,
      "recall": 0.8888888888888888
    },
    "사회": {
      "f1": 0.6888297872340425,
      "precision": 0.8961937716262975,
      "recall": 0.5593952483801296
    },
    "생활문화": {
      "f1": 0.7913279132791328,
      "precision": 0.7411167512690355,
      "recall": 0.8488372093023255
    },
    "세계": {
      "f1": 0.7,
      "precision": 0.7411764705882353,
      "recall": 0.6631578947368421
    },
    "스포츠": {
      "f1": 0.922077922077922,
      "precision": 0.8987341772151899,
      "recall": 0.9466666666666667
    },
    "정치": {
      "f1": 0.4901185770750988,
      "precision": 0.36257309941520466,
      "recall": 0.7560975609756098
    }
  },
  "correct_predictions": 784,
  "total_samples": 1200,
  "total_time_seconds": 5332.18689084053,
  "average_time_per_sample": 4.443489075700442,
  "samples_per_second": 0.22504837594145918,
  "is_intermediate": true,
  "timestamp": "20250716_075038"
}