{
  "accuracy": 0.6712962962962963,
  "macro_f1": 0.7343635911589195,
  "macro_precision": 0.7275993929411866,
  "macro_recall": 0.7709504625920881,
  "per_class_metrics": {
    "IT과학": {
      "f1": 0.6976744186046512,
      "precision": 0.6890459363957597,
      "recall": 0.7065217391304348
    },
    "경제": {
      "f1": 0.7527632344386271,
      "precision": 0.6622313203684749,
      "recall": 0.871967654986523
    },
    "사회": {
      "f1": 0.7199765670767428,
      "precision": 0.8829022988505747,
      "recall": 0.6078140454995055
    },
    "생활문화": {
      "f1": 0.8148148148148148,
      "precision": 0.7838479809976246,
      "recall": 0.8483290488431876
    },
    "세계": {
      "f1": 0.7146529562982005,
      "precision": 0.7743732590529248,
      "recall": 0.6634844868735084
    },
    "스포츠": {
      "f1": 0.9384835479256081,
      "precision": 0.9213483146067416,
      "recall": 0.956268221574344
    },
    "정치": {
      "f1": 0.5021795989537925,
      "precision": 0.3794466403162055,
      "recall": 0.7422680412371134
    }
  },
  "correct_predictions": 3625,
  "total_samples": 5400,
  "total_time_seconds": 24239.048348665237,
  "average_time_per_sample": 4.488712657160229,
  "samples_per_second": 0.22278102350900916,
  "is_intermediate": true,
  "timestamp": "20250716_130545"
}