{
  "accuracy": 0.5,
  "correct_predictions": 5,
  "total_samples": 10,
  "total_time_seconds": 49.43519568443298,
  "average_time_per_sample": 4.943519568443298,
  "samples_per_second": 0.20228502914875635
}