{
  "accuracy": 0.6685714285714286,
  "macro_f1": 0.7190871259884576,
  "macro_precision": 0.7121498723598183,
  "macro_recall": 0.7563040178072697,
  "per_class_metrics": {
    "IT과학": {
      "f1": 0.6896551724137931,
      "precision": 0.7407407407407407,
      "recall": 0.6451612903225806
    },
    "경제": {
      "f1": 0.7478260869565218,
      "precision": 0.6564885496183206,
      "recall": 0.8686868686868687
    },
    "사회": {
      "f1": 0.7110091743119266,
      "precision": 0.8908045977011494,
      "recall": 0.5916030534351145
    },
    "생활문화": {
      "f1": 0.8173913043478261,
      "precision": 0.7899159663865546,
      "recall": 0.8468468468468469
    },
    "세계": {
      "f1": 0.6862745098039216,
      "precision": 0.6862745098039216,
      "recall": 0.6862745098039216
    },
    "스포츠": {
      "f1": 0.9052631578947369,
      "precision": 0.86,
      "recall": 0.9555555555555556
    },
    "정치": {
      "f1": 0.47619047619047616,
      "precision": 0.36082474226804123,
      "recall": 0.7
    }
  },
  "correct_predictions": 468,
  "total_samples": 700,
  "total_time_seconds": 3051.6135561466217,
  "average_time_per_sample": 4.359447937352317,
  "samples_per_second": 0.2293868430981524,
  "is_intermediate": true,
  "timestamp": "20250716_071237"
}