{
  "accuracy": 0.6588888888888889,
  "macro_f1": 0.7178012169312469,
  "macro_precision": 0.706967850901128,
  "macro_recall": 0.7660241345632334,
  "per_class_metrics": {
    "IT과학": {
      "f1": 0.6976744186046512,
      "precision": 0.6521739130434783,
      "recall": 0.75
    },
    "경제": {
      "f1": 0.762987012987013,
      "precision": 0.6638418079096046,
      "recall": 0.8969465648854962
    },
    "사회": {
      "f1": 0.6883230904302019,
      "precision": 0.8848758465011287,
      "recall": 0.5632183908045977
    },
    "생활문화": {
      "f1": 0.7855787476280834,
      "precision": 0.7446043165467626,
      "recall": 0.8313253012048193
    },
    "세계": {
      "f1": 0.6823529411764706,
      "precision": 0.7435897435897436,
      "recall": 0.6304347826086957
    },
    "스포츠": {
      "f1": 0.9392712550607287,
      "precision": 0.9133858267716536,
      "recall": 0.9666666666666667
    },
    "정치": {
      "f1": 0.46842105263157896,
      "precision": 0.3463035019455253,
      "recall": 0.7235772357723578
    }
  },
  "correct_predictions": 1186,
  "total_samples": 1800,
  "total_time_seconds": 7982.560852050781,
  "average_time_per_sample": 4.434756028917101,
  "samples_per_second": 0.22549154755739395,
  "is_intermediate": true,
  "timestamp": "20250716_083448"
}