{
  "accuracy": 0.6614925373134328,
  "macro_f1": 0.7206240738488104,
  "macro_precision": 0.713277586626616,
  "macro_recall": 0.7597471097641363,
  "per_class_metrics": {
    "IT과학": {
      "f1": 0.7034883720930233,
      "precision": 0.6914285714285714,
      "recall": 0.7159763313609467
    },
    "경제": {
      "f1": 0.7567567567567568,
      "precision": 0.6585735963581184,
      "recall": 0.889344262295082
    },
    "사회": {
      "f1": 0.703507928880346,
      "precision": 0.8819277108433735,
      "recall": 0.5851318944844125
    },
    "생활문화": {
      "f1": 0.78099173553719,
      "precision": 0.7514910536779325,
      "recall": 0.8129032258064516
    },
    "세계": {
      "f1": 0.6787878787878788,
      "precision": 0.7336244541484717,
      "recall": 0.631578947368421
    },
    "스포츠": {
      "f1": 0.9285714285714286,
      "precision": 0.9043478260869565,
      "recall": 0.9541284403669725
    },
    "정치": {
      "f1": 0.49226441631504925,
      "precision": 0.37154989384288745,
      "recall": 0.7291666666666666
    }
  },
  "correct_predictions": 2216,
  "total_samples": 3350,
  "total_time_seconds": 14910.44159245491,
  "average_time_per_sample": 4.450878087299973,
  "samples_per_second": 0.22467476762694885,
  "is_intermediate": true,
  "timestamp": "20250716_103016"
}