{
  "accuracy": 0.6691935483870968,
  "macro_f1": 0.7297061856325324,
  "macro_precision": 0.7224322990705411,
  "macro_recall": 0.7658986083942223,
  "per_class_metrics": {
    "IT과학": {
      "f1": 0.6884735202492211,
      "precision": 0.68,
      "recall": 0.6971608832807571
    },
    "경제": {
      "f1": 0.7521367521367521,
      "precision": 0.6596119929453262,
      "recall": 0.8748538011695907
    },
    "사회": {
      "f1": 0.7187340479836651,
      "precision": 0.8822055137844611,
      "recall": 0.6063738156761412
    },
    "생활문화": {
      "f1": 0.8137412775093934,
      "precision": 0.7846790890269151,
      "recall": 0.8450390189520625
    },
    "세계": {
      "f1": 0.7034949267192785,
      "precision": 0.7572815533980582,
      "recall": 0.6568421052631579
    },
    "스포츠": {
      "f1": 0.9325,
      "precision": 0.9142156862745098,
      "recall": 0.951530612244898
    },
    "정치": {
      "f1": 0.4988627748294162,
      "precision": 0.3790322580645161,
      "recall": 0.729490022172949
    }
  },
  "correct_predictions": 4149,
  "total_samples": 6200,
  "total_time_seconds": 27890.545565366745,
  "average_time_per_sample": 4.498475091188185,
  "samples_per_second": 0.22229755188793754,
  "is_intermediate": true,
  "timestamp": "20250716_140636"
}