{
  "accuracy": 0.6654166666666667,
  "macro_f1": 0.7220224308085103,
  "macro_precision": 0.710026005600638,
  "macro_recall": 0.7669200083079487,
  "per_class_metrics": {
    "IT과학": {
      "f1": 0.71900826446281,
      "precision": 0.6850393700787402,
      "recall": 0.7565217391304347
    },
    "경제": {
      "f1": 0.7601918465227818,
      "precision": 0.6631799163179917,
      "recall": 0.8904494382022472
    },
    "사회": {
      "f1": 0.6966887417218544,
      "precision": 0.8825503355704698,
      "recall": 0.5754923413566739
    },
    "생활문화": {
      "f1": 0.7801418439716312,
      "precision": 0.7554945054945055,
      "recall": 0.8064516129032258
    },
    "세계": {
      "f1": 0.672566371681416,
      "precision": 0.7125,
      "recall": 0.6368715083798883
    },
    "스포츠": {
      "f1": 0.9393939393939394,
      "precision": 0.9064327485380117,
      "recall": 0.9748427672955975
    },
    "정치": {
      "f1": 0.48616600790513836,
      "precision": 0.3649851632047478,
      "recall": 0.727810650887574
    }
  },
  "correct_predictions": 1597,
  "total_samples": 2400,
  "total_time_seconds": 10707.1922519207,
  "average_time_per_sample": 4.461330104966958,
  "samples_per_second": 0.22414839890163343,
  "is_intermediate": true,
  "timestamp": "20250716_092013"
}