{
  "accuracy": 0.66125,
  "macro_f1": 0.7275222464567096,
  "macro_precision": 0.7169713459412644,
  "macro_recall": 0.7694707830210413,
  "per_class_metrics": {
    "IT과학": {
      "f1": 0.7123287671232876,
      "precision": 0.7222222222222222,
      "recall": 0.7027027027027027
    },
    "경제": {
      "f1": 0.7237354085603113,
      "precision": 0.6241610738255033,
      "recall": 0.8611111111111112
    },
    "사회": {
      "f1": 0.7075664621676891,
      "precision": 0.9010416666666666,
      "recall": 0.5824915824915825
    },
    "생활문화": {
      "f1": 0.8142292490118577,
      "precision": 0.7803030303030303,
      "recall": 0.8512396694214877
    },
    "세계": {
      "f1": 0.6956521739130435,
      "precision": 0.7142857142857143,
      "recall": 0.6779661016949152
    },
    "스포츠": {
      "f1": 0.9158878504672897,
      "precision": 0.875,
      "recall": 0.9607843137254902
    },
    "정치": {
      "f1": 0.5232558139534884,
      "precision": 0.4017857142857143,
      "recall": 0.75
    }
  },
  "correct_predictions": 529,
  "total_samples": 800,
  "total_time_seconds": 3521.9784491062164,
  "average_time_per_sample": 4.4024730613827705,
  "samples_per_second": 0.22714505825639522,
  "is_intermediate": true,
  "timestamp": "20250716_072028"
}