{
  "accuracy": 0.6631884057971015,
  "macro_f1": 0.7225019252006939,
  "macro_precision": 0.7140275835549568,
  "macro_recall": 0.7629786340098246,
  "per_class_metrics": {
    "IT과학": {
      "f1": 0.7019498607242339,
      "precision": 0.6810810810810811,
      "recall": 0.7241379310344828
    },
    "경제": {
      "f1": 0.7551020408163265,
      "precision": 0.6577777777777778,
      "recall": 0.8862275449101796
    },
    "사회": {
      "f1": 0.706046511627907,
      "precision": 0.8846153846153846,
      "recall": 0.5874613003095975
    },
    "생활문화": {
      "f1": 0.7864271457085829,
      "precision": 0.7562380038387716,
      "recall": 0.8191268191268192
    },
    "세계": {
      "f1": 0.6837944664031621,
      "precision": 0.7393162393162394,
      "recall": 0.6360294117647058
    },
    "스포츠": {
      "f1": 0.9304347826086956,
      "precision": 0.9067796610169492,
      "recall": 0.9553571428571429
    },
    "정치": {
      "f1": 0.49375866851595007,
      "precision": 0.3723849372384937,
      "recall": 0.7325102880658436
    }
  },
  "correct_predictions": 2288,
  "total_samples": 3450,
  "total_time_seconds": 15353.510336875916,
  "average_time_per_sample": 4.450292851268381,
  "samples_per_second": 0.22470431349590606,
  "is_intermediate": true,
  "timestamp": "20250716_103739"
}