{
  "accuracy": 0.6676470588235294,
  "macro_f1": 0.7285784917004611,
  "macro_precision": 0.7217964360120703,
  "macro_recall": 0.7649191460280839,
  "per_class_metrics": {
    "IT과학": {
      "f1": 0.6877697841726619,
      "precision": 0.6809116809116809,
      "recall": 0.6947674418604651
    },
    "경제": {
      "f1": 0.7459509486348913,
      "precision": 0.6536901865369019,
      "recall": 0.8685344827586207
    },
    "사회": {
      "f1": 0.7151486988847584,
      "precision": 0.8789263278126784,
      "recall": 0.6028202115158637
    },
    "생활문화": {
      "f1": 0.811284046692607,
      "precision": 0.7823639774859287,
      "recall": 0.8424242424242424
    },
    "세계": {
      "f1": 0.7083753784056509,
      "precision": 0.7647058823529411,
      "recall": 0.6597744360902256
    },
    "스포츠": {
      "f1": 0.9294797687861271,
      "precision": 0.9115646258503401,
      "recall": 0.9481132075471698
    },
    "정치": {
      "f1": 0.5020408163265306,
      "precision": 0.3804123711340206,
      "recall": 0.738
    }
  },
  "correct_predictions": 4540,
  "total_samples": 6800,
  "total_time_seconds": 30654.194882154465,
  "average_time_per_sample": 4.50796983561095,
  "samples_per_second": 0.22182934590654224,
  "is_intermediate": true,
  "timestamp": "20250716_145240"
}