{
  "accuracy": 0.6692715231788079,
  "macro_f1": 0.7300521850568948,
  "macro_precision": 0.723613235774577,
  "macro_recall": 0.7652857978850143,
  "per_class_metrics": {
    "IT과학": {
      "f1": 0.6848249027237354,
      "precision": 0.6751918158567775,
      "recall": 0.6947368421052632
    },
    "경제": {
      "f1": 0.7495867768595041,
      "precision": 0.6601164483260553,
      "recall": 0.8671128107074569
    },
    "사회": {
      "f1": 0.7193824327143751,
      "precision": 0.8769074262461851,
      "recall": 0.6098337460205164
    },
    "생활문화": {
      "f1": 0.8114790286975717,
      "precision": 0.7868150684931506,
      "recall": 0.837739288969918
    },
    "세계": {
      "f1": 0.7090909090909091,
      "precision": 0.7692307692307693,
      "recall": 0.657672849915683
    },
    "스포츠": {
      "f1": 0.9344608879492601,
      "precision": 0.91701244813278,
      "recall": 0.9525862068965517
    },
    "정치": {
      "f1": 0.5015403573629081,
      "precision": 0.3800186741363212,
      "recall": 0.7373188405797102
    }
  },
  "correct_predictions": 5053,
  "total_samples": 7550,
  "total_time_seconds": 34116.699326753616,
  "average_time_per_sample": 4.518768122748823,
  "samples_per_second": 0.2212992507771537,
  "is_intermediate": true,
  "timestamp": "20250716_155023"
}