{
  "accuracy": 0.6676190476190477,
  "macro_f1": 0.7289798140301766,
  "macro_precision": 0.721276348293185,
  "macro_recall": 0.7681631376052879,
  "per_class_metrics": {
    "IT과학": {
      "f1": 0.695852534562212,
      "precision": 0.6863636363636364,
      "recall": 0.705607476635514
    },
    "경제": {
      "f1": 0.7568740955137482,
      "precision": 0.6645489199491741,
      "recall": 0.8789915966386554
    },
    "사회": {
      "f1": 0.714662646061063,
      "precision": 0.8876404494382022,
      "recall": 0.5981072555205047
    },
    "생활문화": {
      "f1": 0.7961007311129163,
      "precision": 0.7632398753894081,
      "recall": 0.831918505942275
    },
    "세계": {
      "f1": 0.7037643207855974,
      "precision": 0.7597173144876325,
      "recall": 0.6554878048780488
    },
    "스포츠": {
      "f1": 0.9328358208955224,
      "precision": 0.9090909090909091,
      "recall": 0.9578544061302682
    },
    "정치": {
      "f1": 0.5027685492801772,
      "precision": 0.37833333333333335,
      "recall": 0.7491749174917491
    }
  },
  "correct_predictions": 2804,
  "total_samples": 4200,
  "total_time_seconds": 18767.551372528076,
  "average_time_per_sample": 4.4684646125066845,
  "samples_per_second": 0.22379051569550815,
  "is_intermediate": true,
  "timestamp": "20250716_113433"
}