{
  "accuracy": 0.6720792079207921,
  "macro_f1": 0.735473654464618,
  "macro_precision": 0.7274082525451698,
  "macro_recall": 0.7729154779913848,
  "per_class_metrics": {
    "IT과학": {
      "f1": 0.7036328871892925,
      "precision": 0.6917293233082706,
      "recall": 0.7159533073929961
    },
    "경제": {
      "f1": 0.7544615384615385,
      "precision": 0.6634199134199135,
      "recall": 0.8744650499286734
    },
    "사회": {
      "f1": 0.7211568689091481,
      "precision": 0.8857142857142857,
      "recall": 0.6081654294803818
    },
    "생활문화": {
      "f1": 0.810379241516966,
      "precision": 0.7777777777777778,
      "recall": 0.8458333333333333
    },
    "세계": {
      "f1": 0.7119565217391305,
      "precision": 0.7705882352941177,
      "recall": 0.6616161616161617
    },
    "스포츠": {
      "f1": 0.939209726443769,
      "precision": 0.9169139465875371,
      "recall": 0.9626168224299065
    },
    "정치": {
      "f1": 0.5075187969924813,
      "precision": 0.38571428571428573,
      "recall": 0.7417582417582418
    }
  },
  "correct_predictions": 3394,
  "total_samples": 5050,
  "total_time_seconds": 22613.00363922119,
  "average_time_per_sample": 4.477822502816077,
  "samples_per_second": 0.22332283143673193,
  "is_intermediate": true,
  "timestamp": "20250716_123839"
}