{
  "accuracy": 0.7,
  "macro_f1": 0.8138655462184874,
  "macro_precision": 0.8299319727891156,
  "macro_recall": 0.9254658385093167,
  "per_class_metrics": {
    "IT과학": {
      "f1": 1.0,
      "precision": 1.0,
      "recall": 1.0
    },
    "경제": {
      "f1": 0.8,
      "precision": 0.6666666666666666,
      "recall": 1.0
    },
    "사회": {
      "f1": 0.6470588235294118,
      "precision": 1.0,
      "recall": 0.4782608695652174
    },
    "생활문화": {
      "f1": 1.0,
      "precision": 1.0,
      "recall": 1.0
    },
    "세계": {
      "f1": 1.0,
      "precision": 1.0,
      "recall": 1.0
    },
    "스포츠": {
      "f1": 1.0,
      "precision": 1.0,
      "recall": 1.0
    },
    "정치": {
      "f1": 0.25,
      "precision": 0.14285714285714285,
      "recall": 1.0
    }
  },
  "correct_predictions": 35,
  "total_samples": 50,
  "total_time_seconds": 223.84870314598083,
  "average_time_per_sample": 4.476974062919616,
  "samples_per_second": 0.22336515377260402
}