{
  "accuracy": 0.66,
  "macro_f1": 0.7181444803730074,
  "macro_precision": 0.7059739528784378,
  "macro_recall": 0.7659045311974283,
  "per_class_metrics": {
    "IT과학": {
      "f1": 0.6941176470588235,
      "precision": 0.6483516483516484,
      "recall": 0.7468354430379747
    },
    "경제": {
      "f1": 0.7593220338983051,
      "precision": 0.6607669616519174,
      "recall": 0.8924302788844621
    },
    "사회": {
      "f1": 0.695807314897413,
      "precision": 0.8883826879271071,
      "recall": 0.5718475073313783
    },
    "생활문화": {
      "f1": 0.7850098619329389,
      "precision": 0.7425373134328358,
      "recall": 0.8326359832635983
    },
    "세계": {
      "f1": 0.6775510204081633,
      "precision": 0.7345132743362832,
      "recall": 0.6287878787878788
    },
    "스포츠": {
      "f1": 0.9367088607594937,
      "precision": 0.9098360655737705,
      "recall": 0.9652173913043478
    },
    "정치": {
      "f1": 0.478494623655914,
      "precision": 0.357429718875502,
      "recall": 0.7235772357723578
    }
  },
  "correct_predictions": 1155,
  "total_samples": 1750,
  "total_time_seconds": 7754.200996398926,
  "average_time_per_sample": 4.430971997942243,
  "samples_per_second": 0.22568411636643224,
  "is_intermediate": true,
  "timestamp": "20250716_083100"
}