{
  "accuracy": 0.6583870967741936,
  "macro_f1": 0.7175836904453705,
  "macro_precision": 0.7089167630877699,
  "macro_recall": 0.758582243141003,
  "per_class_metrics": {
    "IT과학": {
      "f1": 0.6878980891719745,
      "precision": 0.6708074534161491,
      "recall": 0.7058823529411765
    },
    "경제": {
      "f1": 0.7542213883677298,
      "precision": 0.6557911908646004,
      "recall": 0.8874172185430463
    },
    "사회": {
      "f1": 0.7015544041450777,
      "precision": 0.8861256544502618,
      "recall": 0.5806174957118353
    },
    "생활문화": {
      "f1": 0.7801578354002254,
      "precision": 0.7489177489177489,
      "recall": 0.8141176470588235
    },
    "세계": {
      "f1": 0.6798245614035088,
      "precision": 0.7276995305164319,
      "recall": 0.6378600823045267
    },
    "스포츠": {
      "f1": 0.9323671497584541,
      "precision": 0.9061032863849765,
      "recall": 0.9601990049751243
    },
    "정치": {
      "f1": 0.487062404870624,
      "precision": 0.3669724770642202,
      "recall": 0.7239819004524887
    }
  },
  "correct_predictions": 2041,
  "total_samples": 3100,
  "total_time_seconds": 13862.456321001053,
  "average_time_per_sample": 4.471760103548727,
  "samples_per_second": 0.22362559190203737,
  "is_intermediate": true,
  "timestamp": "20250716_101248"
}