{
  "accuracy": 0.6712149532710281,
  "macro_f1": 0.734799804657846,
  "macro_precision": 0.7277446681666584,
  "macro_recall": 0.7715749318139842,
  "per_class_metrics": {
    "IT과학": {
      "f1": 0.7005444646098004,
      "precision": 0.6917562724014337,
      "recall": 0.7095588235294118
    },
    "경제": {
      "f1": 0.7526377491207503,
      "precision": 0.6625386996904025,
      "recall": 0.8710990502035278
    },
    "사회": {
      "f1": 0.7200709429500444,
      "precision": 0.883248730964467,
      "recall": 0.6077844311377245
    },
    "생활문화": {
      "f1": 0.8140262993112085,
      "precision": 0.7831325301204819,
      "recall": 0.847457627118644
    },
    "세계": {
      "f1": 0.7166882276843467,
      "precision": 0.7737430167597765,
      "recall": 0.6674698795180722
    },
    "스포츠": {
      "f1": 0.9383070301291249,
      "precision": 0.9211267605633803,
      "recall": 0.956140350877193
    },
    "정치": {
      "f1": 0.501323918799647,
      "precision": 0.37866666666666665,
      "recall": 0.741514360313316
    }
  },
  "correct_predictions": 3591,
  "total_samples": 5350,
  "total_time_seconds": 24014.859956264496,
  "average_time_per_sample": 4.4887588703298125,
  "samples_per_second": 0.22277872990903716,
  "is_intermediate": true,
  "timestamp": "20250716_130201"
}