{
  "accuracy": 0.6536842105263158,
  "macro_f1": 0.7168584637129305,
  "macro_precision": 0.7022362000457828,
  "macro_recall": 0.7648035070468059,
  "per_class_metrics": {
    "IT과학": {
      "f1": 0.7021276595744681,
      "precision": 0.673469387755102,
      "recall": 0.7333333333333333
    },
    "경제": {
      "f1": 0.7483443708609272,
      "precision": 0.6494252873563219,
      "recall": 0.8828125
    },
    "사회": {
      "f1": 0.7023411371237458,
      "precision": 0.8974358974358975,
      "recall": 0.5769230769230769
    },
    "생활문화": {
      "f1": 0.7916666666666666,
      "precision": 0.7549668874172185,
      "recall": 0.8321167883211679
    },
    "세계": {
      "f1": 0.6666666666666666,
      "precision": 0.696969696969697,
      "recall": 0.6388888888888888
    },
    "스포츠": {
      "f1": 0.9166666666666666,
      "precision": 0.873015873015873,
      "recall": 0.9649122807017544
    },
    "정치": {
      "f1": 0.49019607843137253,
      "precision": 0.37037037037037035,
      "recall": 0.7246376811594203
    }
  },
  "correct_predictions": 621,
  "total_samples": 950,
  "total_time_seconds": 4222.933796167374,
  "average_time_per_sample": 4.445193469649867,
  "samples_per_second": 0.22496208698848078,
  "is_intermediate": true,
  "timestamp": "20250716_073209"
}