{
  "accuracy": 0.664,
  "macro_f1": 0.7224515672438241,
  "macro_precision": 0.7141815262463128,
  "macro_recall": 0.7626090312327459,
  "per_class_metrics": {
    "IT과학": {
      "f1": 0.6956521739130435,
      "precision": 0.6772486772486772,
      "recall": 0.7150837988826816
    },
    "경제": {
      "f1": 0.7548117154811715,
      "precision": 0.6583941605839416,
      "recall": 0.884313725490196
    },
    "사회": {
      "f1": 0.706367384333486,
      "precision": 0.8841743119266054,
      "recall": 0.5881006864988558
    },
    "생활문화": {
      "f1": 0.7855044074436827,
      "precision": 0.7551789077212806,
      "recall": 0.8183673469387756
    },
    "세계": {
      "f1": 0.6875,
      "precision": 0.7426160337552743,
      "recall": 0.64
    },
    "스포츠": {
      "f1": 0.9307359307359307,
      "precision": 0.9071729957805907,
      "recall": 0.9555555555555556
    },
    "정치": {
      "f1": 0.4965893587994543,
      "precision": 0.37448559670781895,
      "recall": 0.7368421052631579
    }
  },
  "correct_predictions": 2324,
  "total_samples": 3500,
  "total_time_seconds": 15567.52034664154,
  "average_time_per_sample": 4.447862956183298,
  "samples_per_second": 0.22482707085429135,
  "is_intermediate": true,
  "timestamp": "20250716_104113"
}