{
  "accuracy": 0.668,
  "macro_f1": 0.7318786853085401,
  "macro_precision": 0.7242875791360157,
  "macro_recall": 0.7692960737337637,
  "per_class_metrics": {
    "IT과학": {
      "f1": 0.7272727272727273,
      "precision": 0.7741935483870968,
      "recall": 0.6857142857142857
    },
    "경제": {
      "f1": 0.7398373983739838,
      "precision": 0.6453900709219859,
      "recall": 0.8666666666666667
    },
    "사회": {
      "f1": 0.7133479212253829,
      "precision": 0.8956043956043956,
      "recall": 0.5927272727272728
    },
    "생활문화": {
      "f1": 0.8181818181818182,
      "precision": 0.792,
      "recall": 0.8461538461538461
    },
    "세계": {
      "f1": 0.7090909090909091,
      "precision": 0.7090909090909091,
      "recall": 0.7090909090909091
    },
    "스포츠": {
      "f1": 0.9090909090909091,
      "precision": 0.8653846153846154,
      "recall": 0.9574468085106383
    },
    "정치": {
      "f1": 0.5063291139240507,
      "precision": 0.3883495145631068,
      "recall": 0.7272727272727273
    }
  },
  "correct_predictions": 501,
  "total_samples": 750,
  "total_time_seconds": 3293.696299314499,
  "average_time_per_sample": 4.391595065752665,
  "samples_per_second": 0.2277076973235492,
  "is_intermediate": true,
  "timestamp": "20250716_071640"
}