{
  "accuracy": 0.6608888888888889,
  "macro_f1": 0.71522623407142,
  "macro_precision": 0.7034773886701783,
  "macro_recall": 0.7614171792143605,
  "per_class_metrics": {
    "IT과학": {
      "f1": 0.6995515695067265,
      "precision": 0.6610169491525424,
      "recall": 0.7428571428571429
    },
    "경제": {
      "f1": 0.7612903225806451,
      "precision": 0.6644144144144144,
      "recall": 0.8912386706948641
    },
    "사회": {
      "f1": 0.6933895921237694,
      "precision": 0.8819320214669052,
      "recall": 0.5712630359212051
    },
    "생활문화": {
      "f1": 0.783661119515885,
      "precision": 0.7573099415204678,
      "recall": 0.8119122257053292
    },
    "세계": {
      "f1": 0.6514657980456026,
      "precision": 0.6993006993006993,
      "recall": 0.6097560975609756
    },
    "스포츠": {
      "f1": 0.9358974358974359,
      "precision": 0.9012345679012346,
      "recall": 0.9733333333333334
    },
    "정치": {
      "f1": 0.48132780082987553,
      "precision": 0.3591331269349845,
      "recall": 0.7295597484276729
    }
  },
  "correct_predictions": 1487,
  "total_samples": 2250,
  "total_time_seconds": 10052.754702091217,
  "average_time_per_sample": 4.467890978707207,
  "samples_per_second": 0.2238192482237675,
  "is_intermediate": true,
  "timestamp": "20250716_090919"
}