{
  "accuracy": 0.6658536585365854,
  "macro_f1": 0.7276640967445349,
  "macro_precision": 0.7198831958033223,
  "macro_recall": 0.7677986529159818,
  "per_class_metrics": {
    "IT과학": {
      "f1": 0.6964705882352941,
      "precision": 0.6820276497695853,
      "recall": 0.7115384615384616
    },
    "경제": {
      "f1": 0.7544642857142857,
      "precision": 0.66015625,
      "recall": 0.8802083333333334
    },
    "사회": {
      "f1": 0.7125725338491296,
      "precision": 0.8864292589027911,
      "recall": 0.5957309184993532
    },
    "생활문화": {
      "f1": 0.7966804979253111,
      "precision": 0.7667731629392971,
      "recall": 0.8290155440414507
    },
    "세계": {
      "f1": 0.7021630615640599,
      "precision": 0.7617328519855595,
      "recall": 0.6512345679012346
    },
    "스포츠": {
      "f1": 0.9312977099236641,
      "precision": 0.9070631970260223,
      "recall": 0.9568627450980393
    },
    "정치": {
      "f1": 0.5,
      "precision": 0.375,
      "recall": 0.75
    }
  },
  "correct_predictions": 2730,
  "total_samples": 4100,
  "total_time_seconds": 18314.82353234291,
  "average_time_per_sample": 4.467030129839734,
  "samples_per_second": 0.2238623808064347,
  "is_intermediate": true,
  "timestamp": "20250716_112701"
}