{
  "accuracy": 0.6633766233766234,
  "macro_f1": 0.7241701034420707,
  "macro_precision": 0.7169666176061433,
  "macro_recall": 0.7643282779991397,
  "per_class_metrics": {
    "IT과학": {
      "f1": 0.696078431372549,
      "precision": 0.6794258373205742,
      "recall": 0.7135678391959799
    },
    "경제": {
      "f1": 0.7519500780031201,
      "precision": 0.6566757493188011,
      "recall": 0.8795620437956204
    },
    "사회": {
      "f1": 0.7065669160432253,
      "precision": 0.8835758835758836,
      "recall": 0.5886426592797784
    },
    "생활문화": {
      "f1": 0.7932564330079858,
      "precision": 0.764102564102564,
      "recall": 0.8247232472324724
    },
    "세계": {
      "f1": 0.6927175843694494,
      "precision": 0.752895752895753,
      "recall": 0.6414473684210527
    },
    "스포츠": {
      "f1": 0.9322709163346613,
      "precision": 0.9105058365758755,
      "recall": 0.9551020408163265
    },
    "정치": {
      "f1": 0.49635036496350365,
      "precision": 0.37158469945355194,
      "recall": 0.7472527472527473
    }
  },
  "correct_predictions": 2554,
  "total_samples": 3850,
  "total_time_seconds": 17154.634290218353,
  "average_time_per_sample": 4.455749166290482,
  "samples_per_second": 0.22442915044800965,
  "is_intermediate": true,
  "timestamp": "20250716_110740"
}