{
  "accuracy": 0.7,
  "macro_f1": 0.7138529325058377,
  "macro_precision": 0.700767646120128,
  "macro_recall": 0.75021619984026,
  "per_class_metrics": {
    "IT과학": {
      "f1": 0.6666666666666666,
      "precision": 0.6666666666666666,
      "recall": 0.6666666666666666
    },
    "경제": {
      "f1": 0.8095238095238095,
      "precision": 0.7391304347826086,
      "recall": 0.8947368421052632
    },
    "사회": {
      "f1": 0.7482014388489209,
      "precision": 0.8813559322033898,
      "recall": 0.65
    },
    "생활문화": {
      "f1": 0.8852459016393442,
      "precision": 0.8709677419354839,
      "recall": 0.9
    },
    "세계": {
      "f1": 0.5714285714285714,
      "precision": 0.46153846153846156,
      "recall": 0.75
    },
    "스포츠": {
      "f1": 0.9629629629629629,
      "precision": 1.0,
      "recall": 0.9285714285714286
    },
    "정치": {
      "f1": 0.35294117647058826,
      "precision": 0.2857142857142857,
      "recall": 0.46153846153846156
    }
  },
  "correct_predictions": 140,
  "total_samples": 200,
  "total_time_seconds": 835.6422288417816,
  "average_time_per_sample": 4.178211144208908,
  "samples_per_second": 0.23933687539607035,
  "is_intermediate": true,
  "timestamp": "20250716_063541"
}