{
  "accuracy": 0.6615094339622641,
  "macro_f1": 0.7182325772304201,
  "macro_precision": 0.7067558194879393,
  "macro_recall": 0.7619042597478857,
  "per_class_metrics": {
    "IT과학": {
      "f1": 0.7063197026022305,
      "precision": 0.6690140845070423,
      "recall": 0.7480314960629921
    },
    "경제": {
      "f1": 0.7613882863340564,
      "precision": 0.6647727272727273,
      "recall": 0.8908629441624365
    },
    "사회": {
      "f1": 0.6957575757575758,
      "precision": 0.8803680981595092,
      "recall": 0.5751503006012024
    },
    "생활문화": {
      "f1": 0.7870967741935484,
      "precision": 0.7644110275689223,
      "recall": 0.8111702127659575
    },
    "세계": {
      "f1": 0.6666666666666666,
      "precision": 0.7094972067039106,
      "recall": 0.6287128712871287
    },
    "스포츠": {
      "f1": 0.9299719887955182,
      "precision": 0.8972972972972973,
      "recall": 0.9651162790697675
    },
    "정치": {
      "f1": 0.4804270462633452,
      "precision": 0.36193029490616624,
      "recall": 0.7142857142857143
    }
  },
  "correct_predictions": 1753,
  "total_samples": 2650,
  "total_time_seconds": 11844.119049787521,
  "average_time_per_sample": 4.469478886712272,
  "samples_per_second": 0.22373973014460202,
  "is_intermediate": true,
  "timestamp": "20250716_093910"
}