{
  "accuracy": 0.6615384615384615,
  "macro_f1": 0.719753784228003,
  "macro_precision": 0.7118401807833828,
  "macro_recall": 0.7595416196324368,
  "per_class_metrics": {
    "IT과학": {
      "f1": 0.691358024691358,
      "precision": 0.6787878787878788,
      "recall": 0.7044025157232704
    },
    "경제": {
      "f1": 0.7551569506726458,
      "precision": 0.6557632398753894,
      "recall": 0.8900634249471459
    },
    "사회": {
      "f1": 0.7043777668470241,
      "precision": 0.8850432632880099,
      "recall": 0.5849673202614379
    },
    "생활문화": {
      "f1": 0.7838983050847458,
      "precision": 0.7535641547861507,
      "recall": 0.8167770419426048
    },
    "세계": {
      "f1": 0.6781115879828327,
      "precision": 0.7314814814814815,
      "recall": 0.632
    },
    "스포츠": {
      "f1": 0.9333333333333333,
      "precision": 0.90625,
      "recall": 0.9620853080568721
    },
    "정치": {
      "f1": 0.492040520984081,
      "precision": 0.37199124726477023,
      "recall": 0.7264957264957265
    }
  },
  "correct_predictions": 2150,
  "total_samples": 3250,
  "total_time_seconds": 14483.764033555984,
  "average_time_per_sample": 4.456542779555687,
  "samples_per_second": 0.22438918450137685,
  "is_intermediate": true,
  "timestamp": "20250716_102310"
}