{
  "accuracy": 0.6787654320987654,
  "macro_f1": 0.7396241664894679,
  "macro_precision": 0.7332765375308113,
  "macro_recall": 0.7735001961023416,
  "per_class_metrics": {
    "IT과학": {
      "f1": 0.7185761957730812,
      "precision": 0.711453744493392,
      "recall": 0.7258426966292135
    },
    "경제": {
      "f1": 0.7614678899082569,
      "precision": 0.6752542372881356,
      "recall": 0.8729184925503944
    },
    "사회": {
      "f1": 0.7291139240506329,
      "precision": 0.8805268109125117,
      "recall": 0.6221335992023929
    },
    "생활문화": {
      "f1": 0.8168438266557645,
      "precision": 0.7947494033412887,
      "recall": 0.840201850294365
    },
    "세계": {
      "f1": 0.7085514834205934,
      "precision": 0.7674858223062382,
      "recall": 0.6580226904376013
    },
    "스포츠": {
      "f1": 0.934934934934935,
      "precision": 0.9174852652259332,
      "recall": 0.9530612244897959
    },
    "정치": {
      "f1": 0.5078809106830122,
      "precision": 0.385980479148181,
      "recall": 0.742320819112628
    }
  },
  "correct_predictions": 5498,
  "total_samples": 8100,
  "total_time_seconds": 36460.66403055191,
  "average_time_per_sample": 4.501316546981717,
  "samples_per_second": 0.22215722657197554,
  "is_intermediate": true,
  "timestamp": "20250716_162926"
}