{
  "accuracy": 0.66625,
  "macro_f1": 0.7274397332501782,
  "macro_precision": 0.7209408665912086,
  "macro_recall": 0.7634413467259383,
  "per_class_metrics": {
    "IT과학": {
      "f1": 0.6863270777479893,
      "precision": 0.6754617414248021,
      "recall": 0.6975476839237057
    },
    "경제": {
      "f1": 0.7445699391833188,
      "precision": 0.6527037319116527,
      "recall": 0.8665318503538928
    },
    "사회": {
      "f1": 0.714975845410628,
      "precision": 0.8771551724137931,
      "recall": 0.603409933283914
    },
    "생활문화": {
      "f1": 0.8093240093240093,
      "precision": 0.781981981981982,
      "recall": 0.8386473429951691
    },
    "세계": {
      "f1": 0.7058823529411765,
      "precision": 0.7670103092783506,
      "recall": 0.6537785588752196
    },
    "스포츠": {
      "f1": 0.9326086956521739,
      "precision": 0.9147121535181236,
      "recall": 0.9512195121951219
    },
    "정치": {
      "f1": 0.4983902124919511,
      "precision": 0.3775609756097561,
      "recall": 0.7329545454545454
    }
  },
  "correct_predictions": 4797,
  "total_samples": 7200,
  "total_time_seconds": 32568.957800388336,
  "average_time_per_sample": 4.523466361165046,
  "samples_per_second": 0.22106940124176006,
  "is_intermediate": true,
  "timestamp": "20250716_152435"
}