{
  "accuracy": 0.654,
  "macro_f1": 0.7190081222351503,
  "macro_precision": 0.7067603959869213,
  "macro_recall": 0.7642944218208847,
  "per_class_metrics": {
    "IT과학": {
      "f1": 0.7070707070707071,
      "precision": 0.6862745098039216,
      "recall": 0.7291666666666666
    },
    "경제": {
      "f1": 0.7428571428571429,
      "precision": 0.6464088397790055,
      "recall": 0.8731343283582089
    },
    "사회": {
      "f1": 0.6964856230031949,
      "precision": 0.8861788617886179,
      "recall": 0.5736842105263158
    },
    "생활문화": {
      "f1": 0.7960526315789473,
      "precision": 0.7610062893081762,
      "recall": 0.8344827586206897
    },
    "세계": {
      "f1": 0.6758620689655173,
      "precision": 0.7101449275362319,
      "recall": 0.6447368421052632
    },
    "스포츠": {
      "f1": 0.9147286821705426,
      "precision": 0.8805970149253731,
      "recall": 0.9516129032258065
    },
    "정치": {
      "f1": 0.5,
      "precision": 0.3767123287671233,
      "recall": 0.7432432432432432
    }
  },
  "correct_predictions": 654,
  "total_samples": 1000,
  "total_time_seconds": 4454.897192239761,
  "average_time_per_sample": 4.454897192239762,
  "samples_per_second": 0.22447207126170204,
  "is_intermediate": true,
  "timestamp": "20250716_073601"
}