{
  "accuracy": 0.6697777777777778,
  "macro_f1": 0.7334991268042969,
  "macro_precision": 0.7253413590862232,
  "macro_recall": 0.7722602729875929,
  "per_class_metrics": {
    "IT과학": {
      "f1": 0.7078891257995735,
      "precision": 0.694560669456067,
      "recall": 0.7217391304347827
    },
    "경제": {
      "f1": 0.7594242631939685,
      "precision": 0.6690821256038647,
      "recall": 0.8779714738510301
    },
    "사회": {
      "f1": 0.7170077628793226,
      "precision": 0.8857890148212729,
      "recall": 0.6022525192649674
    },
    "생활문화": {
      "f1": 0.7979041916167665,
      "precision": 0.7647058823529411,
      "recall": 0.8341158059467919
    },
    "세계": {
      "f1": 0.7085889570552147,
      "precision": 0.7674418604651163,
      "recall": 0.6581196581196581
    },
    "스포츠": {
      "f1": 0.9358752166377816,
      "precision": 0.9121621621621622,
      "recall": 0.9608540925266904
    },
    "정치": {
      "f1": 0.5078043704474505,
      "precision": 0.3836477987421384,
      "recall": 0.7507692307692307
    }
  },
  "correct_predictions": 3014,
  "total_samples": 4500,
  "total_time_seconds": 20129.09994983673,
  "average_time_per_sample": 4.47313332218594,
  "samples_per_second": 0.22355694050972705,
  "is_intermediate": true,
  "timestamp": "20250716_115715"
}