{
  "accuracy": 0.6690909090909091,
  "macro_f1": 0.7240508802634661,
  "macro_precision": 0.7162682708754268,
  "macro_recall": 0.7593063029885622,
  "per_class_metrics": {
    "IT과학": {
      "f1": 0.7619047619047619,
      "precision": 0.8,
      "recall": 0.7272727272727273
    },
    "경제": {
      "f1": 0.7486631016042781,
      "precision": 0.660377358490566,
      "recall": 0.8641975308641975
    },
    "사회": {
      "f1": 0.7109826589595376,
      "precision": 0.8848920863309353,
      "recall": 0.5942028985507246
    },
    "생활문화": {
      "f1": 0.8314606741573034,
      "precision": 0.8043478260869565,
      "recall": 0.8604651162790697
    },
    "세계": {
      "f1": 0.6582278481012658,
      "precision": 0.65,
      "recall": 0.6666666666666666
    },
    "스포츠": {
      "f1": 0.9066666666666666,
      "precision": 0.8717948717948718,
      "recall": 0.9444444444444444
    },
    "정치": {
      "f1": 0.45045045045045046,
      "precision": 0.3424657534246575,
      "recall": 0.6578947368421053
    }
  },
  "correct_predictions": 368,
  "total_samples": 550,
  "total_time_seconds": 2393.9412245750427,
  "average_time_per_sample": 4.352620408318259,
  "samples_per_second": 0.22974665975670833,
  "is_intermediate": true,
  "timestamp": "20250716_070140"
}