{
  "accuracy": 0.6708771929824562,
  "macro_f1": 0.7323936540569423,
  "macro_precision": 0.7261297712541969,
  "macro_recall": 0.7682203215597824,
  "per_class_metrics": {
    "IT과학": {
      "f1": 0.6983606557377049,
      "precision": 0.6938110749185668,
      "recall": 0.7029702970297029
    },
    "경제": {
      "f1": 0.7487630566245189,
      "precision": 0.6554379210779596,
      "recall": 0.8730769230769231
    },
    "사회": {
      "f1": 0.7209302325581395,
      "precision": 0.8839103869653768,
      "recall": 0.6086956521739131
    },
    "생활문화": {
      "f1": 0.8165191740412979,
      "precision": 0.7845804988662132,
      "recall": 0.8511685116851169
    },
    "세계": {
      "f1": 0.708029197080292,
      "precision": 0.7678100263852242,
      "recall": 0.6568848758465011
    },
    "스포츠": {
      "f1": 0.9362279511533242,
      "precision": 0.92,
      "recall": 0.9530386740331491
    },
    "정치": {
      "f1": 0.4979253112033195,
      "precision": 0.37735849056603776,
      "recall": 0.7317073170731707
    }
  },
  "correct_predictions": 3824,
  "total_samples": 5700,
  "total_time_seconds": 25608.496738672256,
  "average_time_per_sample": 4.492718726082852,
  "samples_per_second": 0.22258237405213394,
  "is_intermediate": true,
  "timestamp": "20250716_132834"
}