{
  "accuracy": 0.6709734513274336,
  "macro_f1": 0.7327743480764317,
  "macro_precision": 0.726761366647802,
  "macro_recall": 0.768000504341639,
  "per_class_metrics": {
    "IT과학": {
      "f1": 0.6986754966887417,
      "precision": 0.694078947368421,
      "recall": 0.7033333333333334
    },
    "경제": {
      "f1": 0.7488888888888889,
      "precision": 0.6562804284323271,
      "recall": 0.871927554980595
    },
    "사회": {
      "f1": 0.7206500420285794,
      "precision": 0.8826355525051476,
      "recall": 0.6089015151515151
    },
    "생활문화": {
      "f1": 0.8156956004756243,
      "precision": 0.7831050228310502,
      "recall": 0.8511166253101737
    },
    "세계": {
      "f1": 0.7081807081807082,
      "precision": 0.7692307692307693,
      "recall": 0.6561085972850679
    },
    "스포츠": {
      "f1": 0.9373297002724795,
      "precision": 0.9222520107238605,
      "recall": 0.9529085872576177
    },
    "정치": {
      "f1": 0.5,
      "precision": 0.379746835443038,
      "recall": 0.7317073170731707
    }
  },
  "correct_predictions": 3791,
  "total_samples": 5650,
  "total_time_seconds": 25385.15112233162,
  "average_time_per_sample": 4.492947101297632,
  "samples_per_second": 0.2225710602537886,
  "is_intermediate": true,
  "timestamp": "20250716_132451"
}