{
  "accuracy": 0.6715094339622641,
  "macro_f1": 0.734600492910088,
  "macro_precision": 0.7275283983062676,
  "macro_recall": 0.770997836046528,
  "per_class_metrics": {
    "IT과학": {
      "f1": 0.6985294117647058,
      "precision": 0.6909090909090909,
      "recall": 0.7063197026022305
    },
    "경제": {
      "f1": 0.7529550827423168,
      "precision": 0.6621621621621622,
      "recall": 0.8726027397260274
    },
    "사회": {
      "f1": 0.7209788122948374,
      "precision": 0.8830409356725146,
      "recall": 0.6091780131114473
    },
    "생활문화": {
      "f1": 0.8134092346616065,
      "precision": 0.7831912302070646,
      "recall": 0.8460526315789474
    },
    "세계": {
      "f1": 0.7161458333333334,
      "precision": 0.7724719101123596,
      "recall": 0.6674757281553398
    },
    "스포츠": {
      "f1": 0.937950937950938,
      "precision": 0.9206798866855525,
      "recall": 0.9558823529411765
    },
    "정치": {
      "f1": 0.5022341376228776,
      "precision": 0.38024357239512857,
      "recall": 0.7394736842105263
    }
  },
  "correct_predictions": 3559,
  "total_samples": 5300,
  "total_time_seconds": 23764.885390758514,
  "average_time_per_sample": 4.483940639765757,
  "samples_per_second": 0.22301811739689764,
  "is_intermediate": true,
  "timestamp": "20250716_125751"
}