{
  "accuracy": 0.6684,
  "macro_f1": 0.7291822561624608,
  "macro_precision": 0.7227526015148344,
  "macro_recall": 0.7645570922384336,
  "per_class_metrics": {
    "IT과학": {
      "f1": 0.6840731070496083,
      "precision": 0.6752577319587629,
      "recall": 0.6931216931216931
    },
    "경제": {
      "f1": 0.7476011681268252,
      "precision": 0.6573734409391049,
      "recall": 0.8665377176015474
    },
    "사회": {
      "f1": 0.7185729275970619,
      "precision": 0.8770491803278688,
      "recall": 0.6086029150373267
    },
    "생활문화": {
      "f1": 0.8103294746215495,
      "precision": 0.7851596203623814,
      "recall": 0.8371665133394665
    },
    "세계": {
      "f1": 0.7092069279854147,
      "precision": 0.7687747035573123,
      "recall": 0.6582064297800339
    },
    "스포츠": {
      "f1": 0.9341825902335457,
      "precision": 0.9166666666666666,
      "recall": 0.9523809523809523
    },
    "정치": {
      "f1": 0.5003095975232198,
      "precision": 0.3789868667917448,
      "recall": 0.7358834244080146
    }
  },
  "correct_predictions": 5013,
  "total_samples": 7500,
  "total_time_seconds": 33894.79210615158,
  "average_time_per_sample": 4.519305614153544,
  "samples_per_second": 0.2212729311485826,
  "is_intermediate": true,
  "timestamp": "20250716_154641"
}