{
  "accuracy": 0.6565217391304348,
  "macro_f1": 0.7187497636337239,
  "macro_precision": 0.7083842336896365,
  "macro_recall": 0.7652921375172258,
  "per_class_metrics": {
    "IT과학": {
      "f1": 0.6851851851851852,
      "precision": 0.6727272727272727,
      "recall": 0.6981132075471698
    },
    "경제": {
      "f1": 0.7397260273972602,
      "precision": 0.6367924528301887,
      "recall": 0.8823529411764706
    },
    "사회": {
      "f1": 0.6962552011095701,
      "precision": 0.8932384341637011,
      "recall": 0.5704545454545454
    },
    "생활문화": {
      "f1": 0.8022598870056498,
      "precision": 0.7593582887700535,
      "recall": 0.8502994011976048
    },
    "세계": {
      "f1": 0.6971428571428572,
      "precision": 0.7349397590361446,
      "recall": 0.6630434782608695
    },
    "스포츠": {
      "f1": 0.9210526315789473,
      "precision": 0.8974358974358975,
      "recall": 0.9459459459459459
    },
    "정치": {
      "f1": 0.4896265560165975,
      "precision": 0.36419753086419754,
      "recall": 0.7468354430379747
    }
  },
  "correct_predictions": 755,
  "total_samples": 1150,
  "total_time_seconds": 5119.808042526245,
  "average_time_per_sample": 4.452006993501083,
  "samples_per_second": 0.22461779630170672,
  "is_intermediate": true,
  "timestamp": "20250716_074706"
}