{
  "accuracy": 0.6624657534246575,
  "macro_f1": 0.722656814068556,
  "macro_precision": 0.7149065520504363,
  "macro_recall": 0.7624765331293556,
  "per_class_metrics": {
    "IT과학": {
      "f1": 0.6945169712793734,
      "precision": 0.6785714285714286,
      "recall": 0.7112299465240641
    },
    "경제": {
      "f1": 0.7489911218724778,
      "precision": 0.651685393258427,
      "recall": 0.8804554079696395
    },
    "사회": {
      "f1": 0.7040636042402827,
      "precision": 0.8826135105204873,
      "recall": 0.585598824393828
    },
    "생활문화": {
      "f1": 0.7899159663865546,
      "precision": 0.7607913669064749,
      "recall": 0.8213592233009709
    },
    "세계": {
      "f1": 0.6854990583804144,
      "precision": 0.7428571428571429,
      "recall": 0.6363636363636364
    },
    "스포츠": {
      "f1": 0.9311064718162839,
      "precision": 0.9065040650406504,
      "recall": 0.9570815450643777
    },
    "정치": {
      "f1": 0.5045045045045045,
      "precision": 0.38132295719844356,
      "recall": 0.7452471482889734
    }
  },
  "correct_predictions": 2418,
  "total_samples": 3650,
  "total_time_seconds": 16269.521637678146,
  "average_time_per_sample": 4.457403188404972,
  "samples_per_second": 0.22434587084275812,
  "is_intermediate": true,
  "timestamp": "20250716_105255"
}