{
  "accuracy": 0.664,
  "macro_f1": 0.7197254539952986,
  "macro_precision": 0.7082331345103859,
  "macro_recall": 0.7633843677314122,
  "per_class_metrics": {
    "IT과학": {
      "f1": 0.7125506072874493,
      "precision": 0.6821705426356589,
      "recall": 0.7457627118644068
    },
    "경제": {
      "f1": 0.7628865979381443,
      "precision": 0.6673346693386774,
      "recall": 0.8903743315508021
    },
    "사회": {
      "f1": 0.6963151207115629,
      "precision": 0.8782051282051282,
      "recall": 0.5768421052631579
    },
    "생활문화": {
      "f1": 0.784741144414169,
      "precision": 0.7619047619047619,
      "recall": 0.8089887640449438
    },
    "세계": {
      "f1": 0.6666666666666666,
      "precision": 0.7073170731707317,
      "recall": 0.6304347826086957
    },
    "스포츠": {
      "f1": 0.9329446064139941,
      "precision": 0.898876404494382,
      "recall": 0.9696969696969697
    },
    "정치": {
      "f1": 0.4819734345351044,
      "precision": 0.36182336182336183,
      "recall": 0.7215909090909091
    }
  },
  "correct_predictions": 1660,
  "total_samples": 2500,
  "total_time_seconds": 11169.399104356766,
  "average_time_per_sample": 4.467759641742706,
  "samples_per_second": 0.22382582774975274,
  "is_intermediate": true,
  "timestamp": "20250716_092755"
}