{
  "accuracy": 0.6667132867132867,
  "macro_f1": 0.7276243724997508,
  "macro_precision": 0.720863513423975,
  "macro_recall": 0.7638416251108194,
  "per_class_metrics": {
    "IT과학": {
      "f1": 0.6874154262516915,
      "precision": 0.675531914893617,
      "recall": 0.699724517906336
    },
    "경제": {
      "f1": 0.7434094903339191,
      "precision": 0.6517719568567026,
      "recall": 0.8650306748466258
    },
    "사회": {
      "f1": 0.7152317880794702,
      "precision": 0.8780487804878049,
      "recall": 0.6033519553072626
    },
    "생활문화": {
      "f1": 0.8105065666041276,
      "precision": 0.782608695652174,
      "recall": 0.8404669260700389
    },
    "세계": {
      "f1": 0.7061068702290076,
      "precision": 0.7660455486542443,
      "recall": 0.6548672566371682
    },
    "스포츠": {
      "f1": 0.9323144104803494,
      "precision": 0.9143468950749465,
      "recall": 0.9510022271714922
    },
    "정치": {
      "f1": 0.4983860555196901,
      "precision": 0.3776908023483366,
      "recall": 0.7324478178368121
    }
  },
  "correct_predictions": 4767,
  "total_samples": 7150,
  "total_time_seconds": 32324.294315338135,
  "average_time_per_sample": 4.520880323823516,
  "samples_per_second": 0.22119585752587545,
  "is_intermediate": true,
  "timestamp": "20250716_152030"
}