{
  "accuracy": 0.6708510638297872,
  "macro_f1": 0.7348257942788804,
  "macro_precision": 0.7270063830864977,
  "macro_recall": 0.7742275470768752,
  "per_class_metrics": {
    "IT과학": {
      "f1": 0.7066115702479339,
      "precision": 0.6923076923076923,
      "recall": 0.7215189873417721
    },
    "경제": {
      "f1": 0.757396449704142,
      "precision": 0.6658959537572254,
      "recall": 0.8780487804878049
    },
    "사회": {
      "f1": 0.7185912631222485,
      "precision": 0.8901006711409396,
      "recall": 0.6024985803520727
    },
    "생활문화": {
      "f1": 0.8040201005025126,
      "precision": 0.7702888583218707,
      "recall": 0.8408408408408409
    },
    "세계": {
      "f1": 0.7098674521354934,
      "precision": 0.7724358974358975,
      "recall": 0.6566757493188011
    },
    "스포츠": {
      "f1": 0.9383116883116883,
      "precision": 0.9145569620253164,
      "recall": 0.9633333333333334
    },
    "정치": {
      "f1": 0.5089820359281437,
      "precision": 0.38345864661654133,
      "recall": 0.7566765578635015
    }
  },
  "correct_predictions": 3153,
  "total_samples": 4700,
  "total_time_seconds": 21042.631204605103,
  "average_time_per_sample": 4.477155575447894,
  "samples_per_second": 0.22335609811815846,
  "is_intermediate": true,
  "timestamp": "20250716_121228"
}