{
  "accuracy": 0.6695934959349593,
  "macro_f1": 0.7299336859660367,
  "macro_precision": 0.7228779265804245,
  "macro_recall": 0.7666284923103653,
  "per_class_metrics": {
    "IT과학": {
      "f1": 0.6884735202492211,
      "precision": 0.68,
      "recall": 0.6971608832807571
    },
    "경제": {
      "f1": 0.7524050632911392,
      "precision": 0.6604444444444444,
      "recall": 0.8741176470588236
    },
    "사회": {
      "f1": 0.7197943444730077,
      "precision": 0.8843967150979154,
      "recall": 0.6068487212830516
    },
    "생활문화": {
      "f1": 0.8134126554894537,
      "precision": 0.7833333333333333,
      "recall": 0.8458942632170978
    },
    "세계": {
      "f1": 0.7045454545454546,
      "precision": 0.7598039215686274,
      "recall": 0.6567796610169492
    },
    "스포츠": {
      "f1": 0.9328263624841572,
      "precision": 0.9154228855721394,
      "recall": 0.9509043927648578
    },
    "정치": {
      "f1": 0.4980784012298232,
      "precision": 0.3767441860465116,
      "recall": 0.7346938775510204
    }
  },
  "correct_predictions": 4118,
  "total_samples": 6150,
  "total_time_seconds": 27665.74161338806,
  "average_time_per_sample": 4.498494571282611,
  "samples_per_second": 0.22229658925983317,
  "is_intermediate": true,
  "timestamp": "20250716_140252"
}