{
  "accuracy": 0.6762264150943397,
  "macro_f1": 0.7365131871456958,
  "macro_precision": 0.7301862921298993,
  "macro_recall": 0.7707464746658317,
  "per_class_metrics": {
    "IT과학": {
      "f1": 0.7050528789659224,
      "precision": 0.6960556844547564,
      "recall": 0.7142857142857143
    },
    "경제": {
      "f1": 0.7596899224806202,
      "precision": 0.6726149622512011,
      "recall": 0.8726625111308994
    },
    "사회": {
      "f1": 0.7262636273538157,
      "precision": 0.8795007201152184,
      "recall": 0.6185010128291695
    },
    "생활문화": {
      "f1": 0.8156797331109258,
      "precision": 0.7925445705024311,
      "recall": 0.8402061855670103
    },
    "세계": {
      "f1": 0.7068201948627104,
      "precision": 0.7673076923076924,
      "recall": 0.6551724137931034
    },
    "스포츠": {
      "f1": 0.9346938775510204,
      "precision": 0.9178356713426854,
      "recall": 0.9521829521829522
    },
    "정치": {
      "f1": 0.5073920756948551,
      "precision": 0.38544474393531,
      "recall": 0.7422145328719724
    }
  },
  "correct_predictions": 5376,
  "total_samples": 7950,
  "total_time_seconds": 35839.66454863548,
  "average_time_per_sample": 4.50813390548874,
  "samples_per_second": 0.22182127260738213,
  "is_intermediate": true,
  "timestamp": "20250716_161905"
}