{
  "accuracy": 0.6706422018348623,
  "macro_f1": 0.7338361260444908,
  "macro_precision": 0.7270344748877494,
  "macro_recall": 0.770376705908873,
  "per_class_metrics": {
    "IT과학": {
      "f1": 0.7008849557522124,
      "precision": 0.6923076923076923,
      "recall": 0.7096774193548387
    },
    "경제": {
      "f1": 0.7508650519031141,
      "precision": 0.6595744680851063,
      "recall": 0.8714859437751004
    },
    "사회": {
      "f1": 0.7204861111111112,
      "precision": 0.8836053938963804,
      "recall": 0.6082071323888617
    },
    "생활문화": {
      "f1": 0.8142681426814268,
      "precision": 0.7825059101654847,
      "recall": 0.8487179487179487
    },
    "세계": {
      "f1": 0.7117346938775511,
      "precision": 0.7728531855955678,
      "recall": 0.6595744680851063
    },
    "스포츠": {
      "f1": 0.9373219373219374,
      "precision": 0.9189944134078212,
      "recall": 0.9563953488372093
    },
    "정치": {
      "f1": 0.5012919896640827,
      "precision": 0.379400260756193,
      "recall": 0.7385786802030457
    }
  },
  "correct_predictions": 3655,
  "total_samples": 5450,
  "total_time_seconds": 24473.860490083694,
  "average_time_per_sample": 4.490616603685082,
  "samples_per_second": 0.22268656807160553,
  "is_intermediate": true,
  "timestamp": "20250716_130940"
}