{
  "accuracy": 0.6625,
  "macro_f1": 0.7220827894167254,
  "macro_precision": 0.7144621047239665,
  "macro_recall": 0.7616404525482612,
  "per_class_metrics": {
    "IT과학": {
      "f1": 0.6949602122015915,
      "precision": 0.6787564766839378,
      "recall": 0.7119565217391305
    },
    "경제": {
      "f1": 0.7485667485667485,
      "precision": 0.651925820256776,
      "recall": 0.8788461538461538
    },
    "사회": {
      "f1": 0.7039856695029109,
      "precision": 0.8821548821548821,
      "recall": 0.5856929955290611
    },
    "생활문화": {
      "f1": 0.789423984891407,
      "precision": 0.76,
      "recall": 0.8212180746561886
    },
    "세계": {
      "f1": 0.6845124282982792,
      "precision": 0.7427385892116183,
      "recall": 0.6347517730496454
    },
    "스포츠": {
      "f1": 0.9305263157894736,
      "precision": 0.9057377049180327,
      "recall": 0.9567099567099567
    },
    "정치": {
      "f1": 0.5026041666666666,
      "precision": 0.3799212598425197,
      "recall": 0.7423076923076923
    }
  },
  "correct_predictions": 2385,
  "total_samples": 3600,
  "total_time_seconds": 16032.590699911118,
  "average_time_per_sample": 4.453497416641977,
  "samples_per_second": 0.2245426249183769,
  "is_intermediate": true,
  "timestamp": "20250716_104858"
}