{
  "accuracy": 0.67,
  "macro_f1": 0.7190763706094582,
  "macro_precision": 0.7113655991145569,
  "macro_recall": 0.7540494134921379,
  "per_class_metrics": {
    "IT과학": {
      "f1": 0.7777777777777778,
      "precision": 0.8235294117647058,
      "recall": 0.7368421052631579
    },
    "경제": {
      "f1": 0.7471264367816092,
      "precision": 0.6565656565656566,
      "recall": 0.8666666666666667
    },
    "사회": {
      "f1": 0.7066246056782335,
      "precision": 0.8818897637795275,
      "recall": 0.5894736842105263
    },
    "생활문화": {
      "f1": 0.8313253012048193,
      "precision": 0.8117647058823529,
      "recall": 0.8518518518518519
    },
    "세계": {
      "f1": 0.647887323943662,
      "precision": 0.6216216216216216,
      "recall": 0.6764705882352942
    },
    "스포츠": {
      "f1": 0.8985507246376812,
      "precision": 0.8611111111111112,
      "recall": 0.9393939393939394
    },
    "정치": {
      "f1": 0.42424242424242425,
      "precision": 0.3230769230769231,
      "recall": 0.6176470588235294
    }
  },
  "correct_predictions": 335,
  "total_samples": 500,
  "total_time_seconds": 2160.341723918915,
  "average_time_per_sample": 4.32068344783783,
  "samples_per_second": 0.23144486562662286,
  "is_intermediate": true,
  "timestamp": "20250716_065746"
}