{
  "accuracy": 0.6523809523809524,
  "macro_f1": 0.7159444221654426,
  "macro_precision": 0.704481038882181,
  "macro_recall": 0.7606099473163864,
  "per_class_metrics": {
    "IT과학": {
      "f1": 0.693069306930693,
      "precision": 0.6730769230769231,
      "recall": 0.7142857142857143
    },
    "경제": {
      "f1": 0.7365269461077845,
      "precision": 0.6373056994818653,
      "recall": 0.8723404255319149
    },
    "사회": {
      "f1": 0.6990881458966566,
      "precision": 0.8914728682170543,
      "recall": 0.575
    },
    "생활문화": {
      "f1": 0.7987421383647799,
      "precision": 0.7604790419161677,
      "recall": 0.8410596026490066
    },
    "세계": {
      "f1": 0.6711409395973155,
      "precision": 0.704225352112676,
      "recall": 0.6410256410256411
    },
    "스포츠": {
      "f1": 0.9130434782608695,
      "precision": 0.8873239436619719,
      "recall": 0.9402985074626866
    },
    "정치": {
      "f1": 0.5,
      "precision": 0.37748344370860926,
      "recall": 0.7402597402597403
    }
  },
  "correct_predictions": 685,
  "total_samples": 1050,
  "total_time_seconds": 4685.474687337875,
  "average_time_per_sample": 4.462356845083691,
  "samples_per_second": 0.22409682477584222,
  "is_intermediate": true,
  "timestamp": "20250716_073951"
}