{
  "accuracy": 0.6628571428571428,
  "macro_f1": 0.6939980775835145,
  "macro_precision": 0.6812973002167967,
  "macro_recall": 0.727468787251396,
  "per_class_metrics": {
    "IT과학": {
      "f1": 0.6666666666666666,
      "precision": 0.6666666666666666,
      "recall": 0.6666666666666666
    },
    "경제": {
      "f1": 0.7559055118110236,
      "precision": 0.6575342465753424,
      "recall": 0.8888888888888888
    },
    "사회": {
      "f1": 0.717948717948718,
      "precision": 0.875,
      "recall": 0.6086956521739131
    },
    "생활문화": {
      "f1": 0.8108108108108109,
      "precision": 0.7894736842105263,
      "recall": 0.8333333333333334
    },
    "세계": {
      "f1": 0.6086956521739131,
      "precision": 0.5833333333333334,
      "recall": 0.6363636363636364
    },
    "스포츠": {
      "f1": 0.8979591836734694,
      "precision": 0.88,
      "recall": 0.9166666666666666
    },
    "정치": {
      "f1": 0.4,
      "precision": 0.3170731707317073,
      "recall": 0.5416666666666666
    }
  },
  "correct_predictions": 232,
  "total_samples": 350,
  "total_time_seconds": 1507.1854860782623,
  "average_time_per_sample": 4.306244245937893,
  "samples_per_second": 0.23222091987543586,
  "is_intermediate": true,
  "timestamp": "20250716_064653"
}