{
  "accuracy": 0.6754430379746835,
  "macro_f1": 0.73591579824008,
  "macro_precision": 0.7296457360049918,
  "macro_recall": 0.7701053286709323,
  "per_class_metrics": {
    "IT과학": {
      "f1": 0.7037914691943128,
      "precision": 0.6955503512880562,
      "recall": 0.7122302158273381
    },
    "경제": {
      "f1": 0.7580015612802498,
      "precision": 0.6705801104972375,
      "recall": 0.8716337522441652
    },
    "사회": {
      "f1": 0.7256778309409888,
      "precision": 0.8788025108643167,
      "recall": 0.6179966044142614
    },
    "생활문화": {
      "f1": 0.8136593591905565,
      "precision": 0.7903357903357904,
      "recall": 0.838401390095569
    },
    "세계": {
      "f1": 0.7075555555555556,
      "precision": 0.7683397683397684,
      "recall": 0.6556836902800659
    },
    "스포츠": {
      "f1": 0.9346938775510204,
      "precision": 0.9178356713426854,
      "recall": 0.9521829521829522
    },
    "정치": {
      "f1": 0.5080309339678762,
      "precision": 0.3860759493670886,
      "recall": 0.7426086956521739
    }
  },
  "correct_predictions": 5336,
  "total_samples": 7900,
  "total_time_seconds": 35632.070346832275,
  "average_time_per_sample": 4.510388651497756,
  "samples_per_second": 0.221710384019331,
  "is_intermediate": true,
  "timestamp": "20250716_161538"
}