{
  "accuracy": 0.6721153846153847,
  "macro_f1": 0.7349156583758826,
  "macro_precision": 0.7273701781192397,
  "macro_recall": 0.7724080999132,
  "per_class_metrics": {
    "IT과학": {
      "f1": 0.702803738317757,
      "precision": 0.6911764705882353,
      "recall": 0.714828897338403
    },
    "경제": {
      "f1": 0.7549668874172185,
      "precision": 0.6648992576882291,
      "recall": 0.8732590529247911
    },
    "사회": {
      "f1": 0.720583764062025,
      "precision": 0.883668903803132,
      "recall": 0.6083162217659137
    },
    "생활문화": {
      "f1": 0.8122998078155029,
      "precision": 0.781750924784217,
      "recall": 0.8453333333333334
    },
    "세계": {
      "f1": 0.7127659574468085,
      "precision": 0.7723342939481268,
      "recall": 0.6617283950617284
    },
    "스포츠": {
      "f1": 0.9396170839469808,
      "precision": 0.9193083573487032,
      "recall": 0.9608433734939759
    },
    "정치": {
      "f1": 0.5013723696248856,
      "precision": 0.3784530386740331,
      "recall": 0.7425474254742548
    }
  },
  "correct_predictions": 3495,
  "total_samples": 5200,
  "total_time_seconds": 23302.22178697586,
  "average_time_per_sample": 4.4811964974953575,
  "samples_per_second": 0.2231546866018758,
  "is_intermediate": true,
  "timestamp": "20250716_125008"
}