{
  "accuracy": 0.6648979591836734,
  "macro_f1": 0.720854200037656,
  "macro_precision": 0.7094664963072954,
  "macro_recall": 0.7642859197342684,
  "per_class_metrics": {
    "IT과학": {
      "f1": 0.7154471544715447,
      "precision": 0.6821705426356589,
      "recall": 0.7521367521367521
    },
    "경제": {
      "f1": 0.7613504074505238,
      "precision": 0.6659877800407332,
      "recall": 0.8885869565217391
    },
    "사회": {
      "f1": 0.6969500324464634,
      "precision": 0.8774509803921569,
      "recall": 0.5780409041980624
    },
    "생활문화": {
      "f1": 0.782246879334258,
      "precision": 0.7601078167115903,
      "recall": 0.8057142857142857
    },
    "세계": {
      "f1": 0.6666666666666666,
      "precision": 0.7080745341614907,
      "recall": 0.6298342541436464
    },
    "스포츠": {
      "f1": 0.9369369369369369,
      "precision": 0.9069767441860465,
      "recall": 0.968944099378882
    },
    "정치": {
      "f1": 0.48638132295719844,
      "precision": 0.3654970760233918,
      "recall": 0.7267441860465116
    }
  },
  "correct_predictions": 1629,
  "total_samples": 2450,
  "total_time_seconds": 10933.166980266571,
  "average_time_per_sample": 4.462517134802682,
  "samples_per_second": 0.22408877541356864,
  "is_intermediate": true,
  "timestamp": "20250716_092359"
}