{
  "accuracy": 0.668939393939394,
  "macro_f1": 0.7299826625811007,
  "macro_precision": 0.72314373464302,
  "macro_recall": 0.7660257216461659,
  "per_class_metrics": {
    "IT과학": {
      "f1": 0.6902654867256637,
      "precision": 0.6842105263157895,
      "recall": 0.6964285714285714
    },
    "경제": {
      "f1": 0.7478591817316841,
      "precision": 0.6544546211490425,
      "recall": 0.8723640399556049
    },
    "사회": {
      "f1": 0.71739650634123,
      "precision": 0.8817647058823529,
      "recall": 0.6046793061718435
    },
    "생활문화": {
      "f1": 0.8138484696437531,
      "precision": 0.7850919651500484,
      "recall": 0.8447916666666667
    },
    "세계": {
      "f1": 0.7055084745762712,
      "precision": 0.7585421412300684,
      "recall": 0.6594059405940594
    },
    "스포츠": {
      "f1": 0.9325443786982248,
      "precision": 0.9162790697674419,
      "recall": 0.9493975903614458
    },
    "정치": {
      "f1": 0.5024561403508772,
      "precision": 0.3816631130063966,
      "recall": 0.7351129363449692
    }
  },
  "correct_predictions": 4415,
  "total_samples": 6600,
  "total_time_seconds": 29769.858605861664,
  "average_time_per_sample": 4.5105846372517675,
  "samples_per_second": 0.22170075066129016,
  "is_intermediate": true,
  "timestamp": "20250716_143756"
}