{
  "accuracy": 0.6580952380952381,
  "macro_f1": 0.7161054696447778,
  "macro_precision": 0.7055163152677144,
  "macro_recall": 0.7612855730272055,
  "per_class_metrics": {
    "IT과학": {
      "f1": 0.6990291262135923,
      "precision": 0.6605504587155964,
      "recall": 0.7422680412371134
    },
    "경제": {
      "f1": 0.7541899441340782,
      "precision": 0.6537530266343826,
      "recall": 0.8910891089108911
    },
    "사회": {
      "f1": 0.6907993966817496,
      "precision": 0.8807692307692307,
      "recall": 0.5682382133995038
    },
    "생활문화": {
      "f1": 0.7855973813420621,
      "precision": 0.759493670886076,
      "recall": 0.8135593220338984
    },
    "세계": {
      "f1": 0.6527777777777778,
      "precision": 0.7014925373134329,
      "recall": 0.6103896103896104
    },
    "스포츠": {
      "f1": 0.9444444444444444,
      "precision": 0.918918918918919,
      "recall": 0.9714285714285714
    },
    "정치": {
      "f1": 0.48590021691973967,
      "precision": 0.36363636363636365,
      "recall": 0.7320261437908496
    }
  },
  "correct_predictions": 1382,
  "total_samples": 2100,
  "total_time_seconds": 9395.797396659851,
  "average_time_per_sample": 4.474189236504691,
  "samples_per_second": 0.22350418078901288,
  "is_intermediate": true,
  "timestamp": "20250716_085822"
}