{
  "accuracy": 0.6810843373493976,
  "macro_f1": 0.7421603700670456,
  "macro_precision": 0.735882769131546,
  "macro_recall": 0.7757297712353667,
  "per_class_metrics": {
    "IT과학": {
      "f1": 0.7266881028938906,
      "precision": 0.7197452229299363,
      "recall": 0.7337662337662337
    },
    "경제": {
      "f1": 0.7628635346756152,
      "precision": 0.6774834437086092,
      "recall": 0.8728668941979523
    },
    "사회": {
      "f1": 0.7304910544347164,
      "precision": 0.8814882866329812,
      "recall": 0.6236594085147872
    },
    "생활문화": {
      "f1": 0.8204309656823623,
      "precision": 0.7993779160186625,
      "recall": 0.8426229508196721
    },
    "세계": {
      "f1": 0.71160409556314,
      "precision": 0.7679558011049724,
      "recall": 0.6629570747217806
    },
    "스포츠": {
      "f1": 0.9359223300970874,
      "precision": 0.9198473282442748,
      "recall": 0.9525691699604744
    },
    "정치": {
      "f1": 0.5071225071225072,
      "precision": 0.3852813852813853,
      "recall": 0.7416666666666667
    }
  },
  "correct_predictions": 5653,
  "total_samples": 8300,
  "total_time_seconds": 37310.23847770691,
  "average_time_per_sample": 4.495209455145411,
  "samples_per_second": 0.22245904445127843,
  "is_intermediate": true,
  "timestamp": "20250716_164336"
}