{
  "accuracy": 0.6660689655172414,
  "macro_f1": 0.72727018576684,
  "macro_precision": 0.7206571676545231,
  "macro_recall": 0.7629580547397433,
  "per_class_metrics": {
    "IT과학": {
      "f1": 0.6871657754010695,
      "precision": 0.6763157894736842,
      "recall": 0.6983695652173914
    },
    "경제": {
      "f1": 0.7435233160621761,
      "precision": 0.6527672479150872,
      "recall": 0.8635907723169508
    },
    "사회": {
      "f1": 0.7157161515019591,
      "precision": 0.8763326226012793,
      "recall": 0.6048565121412803
    },
    "생활문화": {
      "f1": 0.8083333333333333,
      "precision": 0.7815577439570277,
      "recall": 0.8370086289549377
    },
    "세계": {
      "f1": 0.704995287464656,
      "precision": 0.7648261758691206,
      "recall": 0.6538461538461539
    },
    "스포츠": {
      "f1": 0.9327548806941431,
      "precision": 0.9148936170212766,
      "recall": 0.9513274336283186
    },
    "정치": {
      "f1": 0.4984025559105431,
      "precision": 0.37790697674418605,
      "recall": 0.7317073170731707
    }
  },
  "correct_predictions": 4829,
  "total_samples": 7250,
  "total_time_seconds": 32801.979130744934,
  "average_time_per_sample": 4.524410914585508,
  "samples_per_second": 0.2210232489662386,
  "is_intermediate": true,
  "timestamp": "20250716_152828"
}