{
  "accuracy": 0.6634782608695652,
  "macro_f1": 0.7186742308508604,
  "macro_precision": 0.7069090224281717,
  "macro_recall": 0.764193581448328,
  "per_class_metrics": {
    "IT과학": {
      "f1": 0.7074235807860262,
      "precision": 0.6694214876033058,
      "recall": 0.75
    },
    "경제": {
      "f1": 0.7652173913043478,
      "precision": 0.6710239651416122,
      "recall": 0.8901734104046243
    },
    "사회": {
      "f1": 0.69432918395574,
      "precision": 0.8822495606326889,
      "recall": 0.572405929304447
    },
    "생활문화": {
      "f1": 0.7839046199701938,
      "precision": 0.7579250720461095,
      "recall": 0.8117283950617284
    },
    "세계": {
      "f1": 0.660377358490566,
      "precision": 0.7046979865771812,
      "recall": 0.621301775147929
    },
    "스포츠": {
      "f1": 0.9367088607594937,
      "precision": 0.9024390243902439,
      "recall": 0.9736842105263158
    },
    "정치": {
      "f1": 0.4827586206896552,
      "precision": 0.3606060606060606,
      "recall": 0.7300613496932515
    }
  },
  "correct_predictions": 1526,
  "total_samples": 2300,
  "total_time_seconds": 10272.531919002533,
  "average_time_per_sample": 4.466318225653275,
  "samples_per_second": 0.2238980631197037,
  "is_intermediate": true,
  "timestamp": "20250716_091258"
}