{
  "accuracy": 0.6628169014084507,
  "macro_f1": 0.7216601860319701,
  "macro_precision": 0.7134937111422571,
  "macro_recall": 0.7618272391978518,
  "per_class_metrics": {
    "IT과학": {
      "f1": 0.6937669376693767,
      "precision": 0.6772486772486772,
      "recall": 0.7111111111111111
    },
    "경제": {
      "f1": 0.7526881720430108,
      "precision": 0.6556195965417867,
      "recall": 0.883495145631068
    },
    "사회": {
      "f1": 0.7052965142598461,
      "precision": 0.8842224744608399,
      "recall": 0.5865963855421686
    },
    "생활문화": {
      "f1": 0.7861936720997124,
      "precision": 0.7564575645756457,
      "recall": 0.8183632734530938
    },
    "세계": {
      "f1": 0.686046511627907,
      "precision": 0.7405857740585774,
      "recall": 0.6389891696750902
    },
    "스포츠": {
      "f1": 0.929637526652452,
      "precision": 0.9045643153526971,
      "recall": 0.956140350877193
    },
    "정치": {
      "f1": 0.4979919678714859,
      "precision": 0.37575757575757573,
      "recall": 0.7380952380952381
    }
  },
  "correct_predictions": 2353,
  "total_samples": 3550,
  "total_time_seconds": 15806.067383527756,
  "average_time_per_sample": 4.452413347472607,
  "samples_per_second": 0.22459729633315503,
  "is_intermediate": true,
  "timestamp": "20250716_104512"
}