{
  "accuracy": 0.684093567251462,
  "macro_f1": 0.7450605090072792,
  "macro_precision": 0.7389651140737046,
  "macro_recall": 0.7778663409491218,
  "per_class_metrics": {
    "IT과학": {
      "f1": 0.7345679012345679,
      "precision": 0.7300613496932515,
      "recall": 0.7391304347826086
    },
    "경제": {
      "f1": 0.7676840215439856,
      "precision": 0.6835038363171355,
      "recall": 0.8755118755118755
    },
    "사회": {
      "f1": 0.7337037037037037,
      "precision": 0.8827985739750446,
      "recall": 0.6276932826362485
    },
    "생활문화": {
      "f1": 0.8223863194714341,
      "precision": 0.8021228203184231,
      "recall": 0.8437001594896332
    },
    "세계": {
      "f1": 0.7138103161397671,
      "precision": 0.7688172043010753,
      "recall": 0.6661490683229814
    },
    "스포츠": {
      "f1": 0.9352112676056338,
      "precision": 0.9188191881918819,
      "recall": 0.9521988527724665
    },
    "정치": {
      "f1": 0.5080600333518621,
      "precision": 0.3866328257191201,
      "recall": 0.7406807131280388
    }
  },
  "correct_predictions": 5849,
  "total_samples": 8550,
  "total_time_seconds": 38433.68784189224,
  "average_time_per_sample": 4.495168168642367,
  "samples_per_second": 0.22246108765759934,
  "is_intermediate": true,
  "timestamp": "20250716_170220"
}