{
  "accuracy": 0.6650980392156862,
  "macro_f1": 0.7219918320976114,
  "macro_precision": 0.7101400354083821,
  "macro_recall": 0.765016972207408,
  "per_class_metrics": {
    "IT과학": {
      "f1": 0.7215686274509804,
      "precision": 0.6917293233082706,
      "recall": 0.7540983606557377
    },
    "경제": {
      "f1": 0.7645739910313901,
      "precision": 0.6686274509803921,
      "recall": 0.8926701570680629
    },
    "사회": {
      "f1": 0.69717868338558,
      "precision": 0.8783570300157978,
      "recall": 0.577962577962578
    },
    "생활문화": {
      "f1": 0.7882822902796272,
      "precision": 0.7668393782383419,
      "recall": 0.810958904109589
    },
    "세계": {
      "f1": 0.6703601108033241,
      "precision": 0.7076023391812866,
      "recall": 0.6368421052631579
    },
    "스포츠": {
      "f1": 0.930635838150289,
      "precision": 0.8944444444444445,
      "recall": 0.9698795180722891
    },
    "정치": {
      "f1": 0.48134328358208955,
      "precision": 0.36338028169014086,
      "recall": 0.712707182320442
    }
  },
  "correct_predictions": 1696,
  "total_samples": 2550,
  "total_time_seconds": 11391.929184913635,
  "average_time_per_sample": 4.467423209770053,
  "samples_per_second": 0.22384268358839277,
  "is_intermediate": true,
  "timestamp": "20250716_093138"
}