{
  "accuracy": 0.6482758620689655,
  "macro_f1": 0.7091925575965343,
  "macro_precision": 0.697925108711054,
  "macro_recall": 0.7576021825999554,
  "per_class_metrics": {
    "IT과학": {
      "f1": 0.6715328467153284,
      "precision": 0.6388888888888888,
      "recall": 0.7076923076923077
    },
    "경제": {
      "f1": 0.7466666666666667,
      "precision": 0.6461538461538462,
      "recall": 0.8842105263157894
    },
    "사회": {
      "f1": 0.6856516976998904,
      "precision": 0.886685552407932,
      "recall": 0.5589285714285714
    },
    "생활문화": {
      "f1": 0.7831858407079646,
      "precision": 0.7344398340248963,
      "recall": 0.8388625592417062
    },
    "세계": {
      "f1": 0.6761904761904762,
      "precision": 0.7171717171717171,
      "recall": 0.6396396396396397
    },
    "스포츠": {
      "f1": 0.9405940594059405,
      "precision": 0.9223300970873787,
      "recall": 0.9595959595959596
    },
    "정치": {
      "f1": 0.4605263157894737,
      "precision": 0.33980582524271846,
      "recall": 0.7142857142857143
    }
  },
  "correct_predictions": 940,
  "total_samples": 1450,
  "total_time_seconds": 6473.145613193512,
  "average_time_per_sample": 4.46423835392656,
  "samples_per_second": 0.22400237637859127,
  "is_intermediate": true,
  "timestamp": "20250716_080939"
}