{
  "accuracy": 0.6692436974789916,
  "macro_f1": 0.7288360562593488,
  "macro_precision": 0.7220679205362409,
  "macro_recall": 0.7648677687844729,
  "per_class_metrics": {
    "IT과학": {
      "f1": 0.6889952153110048,
      "precision": 0.6835443037974683,
      "recall": 0.6945337620578779
    },
    "경제": {
      "f1": 0.750788643533123,
      "precision": 0.6580645161290323,
      "recall": 0.8739290085679314
    },
    "사회": {
      "f1": 0.7209549071618037,
      "precision": 0.8841899804814574,
      "recall": 0.6085982982534707
    },
    "생활문화": {
      "f1": 0.8154362416107382,
      "precision": 0.7847147470398278,
      "recall": 0.8486612339930152
    },
    "세계": {
      "f1": 0.7023255813953488,
      "precision": 0.7568922305764411,
      "recall": 0.6550976138828634
    },
    "스포츠": {
      "f1": 0.931758530183727,
      "precision": 0.9149484536082474,
      "recall": 0.9491978609625669
    },
    "정치": {
      "f1": 0.49159327461969576,
      "precision": 0.37212121212121213,
      "recall": 0.7240566037735849
    }
  },
  "correct_predictions": 3982,
  "total_samples": 5950,
  "total_time_seconds": 26773.119272708893,
  "average_time_per_sample": 4.499683911379646,
  "samples_per_second": 0.2222378326333128,
  "is_intermediate": true,
  "timestamp": "20250716_134759"
}