{
  "accuracy": 0.6707368421052632,
  "macro_f1": 0.7349077715619626,
  "macro_precision": 0.7275532167075678,
  "macro_recall": 0.7735543430585318,
  "per_class_metrics": {
    "IT과학": {
      "f1": 0.7032520325203252,
      "precision": 0.6947791164658634,
      "recall": 0.7119341563786008
    },
    "경제": {
      "f1": 0.7561929595827901,
      "precision": 0.6636155606407322,
      "recall": 0.8787878787878788
    },
    "사회": {
      "f1": 0.7194630872483222,
      "precision": 0.8903654485049833,
      "recall": 0.6036036036036037
    },
    "생활문화": {
      "f1": 0.8042704626334519,
      "precision": 0.7708049113233287,
      "recall": 0.8407738095238095
    },
    "세계": {
      "f1": 0.7105263157894737,
      "precision": 0.7714285714285715,
      "recall": 0.6585365853658537
    },
    "스포츠": {
      "f1": 0.939297124600639,
      "precision": 0.9158878504672897,
      "recall": 0.9639344262295082
    },
    "정치": {
      "f1": 0.5113524185587365,
      "precision": 0.3859910581222057,
      "recall": 0.7573099415204678
    }
  },
  "correct_predictions": 3186,
  "total_samples": 4750,
  "total_time_seconds": 21269.40197467804,
  "average_time_per_sample": 4.477768836774324,
  "samples_per_second": 0.22332550795998118,
  "is_intermediate": true,
  "timestamp": "20250716_121615"
}