{
  "accuracy": 0.6669387755102041,
  "macro_f1": 0.7274388007475785,
  "macro_precision": 0.7208731383190745,
  "macro_recall": 0.7628121952960297,
  "per_class_metrics": {
    "IT과학": {
      "f1": 0.6834437086092715,
      "precision": 0.6736292428198434,
      "recall": 0.6935483870967742
    },
    "경제": {
      "f1": 0.7450980392156863,
      "precision": 0.6546816479400749,
      "recall": 0.8644906033630069
    },
    "사회": {
      "f1": 0.7168274383708467,
      "precision": 0.8758512310110005,
      "recall": 0.6066763425253991
    },
    "생활문화": {
      "f1": 0.8085493406093679,
      "precision": 0.7825704225352113,
      "recall": 0.8363123236124177
    },
    "세계": {
      "f1": 0.706430568499534,
      "precision": 0.7656565656565657,
      "recall": 0.6557093425605537
    },
    "스포츠": {
      "f1": 0.9336188436830836,
      "precision": 0.9159663865546218,
      "recall": 0.9519650655021834
    },
    "정치": {
      "f1": 0.49810366624525915,
      "precision": 0.37775647171620325,
      "recall": 0.7309833024118738
    }
  },
  "correct_predictions": 4902,
  "total_samples": 7350,
  "total_time_seconds": 33225.12957882881,
  "average_time_per_sample": 4.5204257930379335,
  "samples_per_second": 0.22121809886584912,
  "is_intermediate": true,
  "timestamp": "20250716_153531"
}