{
  "accuracy": 0.6663013698630137,
  "macro_f1": 0.7268421274969673,
  "macro_precision": 0.7201290024426067,
  "macro_recall": 0.7624943181033218,
  "per_class_metrics": {
    "IT과학": {
      "f1": 0.6852589641434262,
      "precision": 0.6736292428198434,
      "recall": 0.6972972972972973
    },
    "경제": {
      "f1": 0.7439862542955327,
      "precision": 0.6530920060331825,
      "recall": 0.8642714570858283
    },
    "사회": {
      "f1": 0.7158894645941278,
      "precision": 0.8758584257791865,
      "recall": 0.6053304125593282
    },
    "생활문화": {
      "f1": 0.8080622995877234,
      "precision": 0.7819148936170213,
      "recall": 0.8360189573459715
    },
    "세계": {
      "f1": 0.704225352112676,
      "precision": 0.7637474541751528,
      "recall": 0.6533101045296167
    },
    "스포츠": {
      "f1": 0.9333333333333333,
      "precision": 0.9156118143459916,
      "recall": 0.9517543859649122
    },
    "정치": {
      "f1": 0.4971392244119517,
      "precision": 0.3770491803278688,
      "recall": 0.7294776119402985
    }
  },
  "correct_predictions": 4864,
  "total_samples": 7300,
  "total_time_seconds": 33010.43560242653,
  "average_time_per_sample": 4.521977479784456,
  "samples_per_second": 0.2211421893343144,
  "is_intermediate": true,
  "timestamp": "20250716_153156"
}