{
  "accuracy": 0.6623684210526316,
  "macro_f1": 0.7229904714017206,
  "macro_precision": 0.7152491514161344,
  "macro_recall": 0.763512260661382,
  "per_class_metrics": {
    "IT과학": {
      "f1": 0.6917293233082706,
      "precision": 0.6731707317073171,
      "recall": 0.711340206185567
    },
    "경제": {
      "f1": 0.750392464678179,
      "precision": 0.6547945205479452,
      "recall": 0.8786764705882353
    },
    "사회": {
      "f1": 0.7049387927395525,
      "precision": 0.8835978835978836,
      "recall": 0.586376404494382
    },
    "생활문화": {
      "f1": 0.7917414721723519,
      "precision": 0.7616580310880829,
      "recall": 0.8242990654205608
    },
    "세계": {
      "f1": 0.6906474820143885,
      "precision": 0.75,
      "recall": 0.64
    },
    "스포츠": {
      "f1": 0.9333333333333333,
      "precision": 0.9094488188976378,
      "recall": 0.9585062240663901
    },
    "정치": {
      "f1": 0.49815043156596794,
      "precision": 0.37407407407407406,
      "recall": 0.7453874538745388
    }
  },
  "correct_predictions": 2517,
  "total_samples": 3800,
  "total_time_seconds": 16928.818200588226,
  "average_time_per_sample": 4.454952158049533,
  "samples_per_second": 0.22446930169454837,
  "is_intermediate": true,
  "timestamp": "20250716_110355"
}