{
  "accuracy": 0.6829585798816568,
  "macro_f1": 0.744334765064598,
  "macro_precision": 0.737821588660886,
  "macro_recall": 0.7774872332293812,
  "per_class_metrics": {
    "IT과학": {
      "f1": 0.7310924369747899,
      "precision": 0.725,
      "recall": 0.7372881355932204
    },
    "경제": {
      "f1": 0.7665937272064187,
      "precision": 0.682024659312135,
      "recall": 0.8751040799333888
    },
    "사회": {
      "f1": 0.733021515434986,
      "precision": 0.8832281334535618,
      "recall": 0.6264790534058203
    },
    "생활문화": {
      "f1": 0.8214004720692368,
      "precision": 0.8006134969325154,
      "recall": 0.8432956381260097
    },
    "세계": {
      "f1": 0.7136859781696053,
      "precision": 0.7671480144404332,
      "recall": 0.6671899529042387
    },
    "스포츠": {
      "f1": 0.9358851674641149,
      "precision": 0.9191729323308271,
      "recall": 0.9532163742690059
    },
    "정치": {
      "f1": 0.5086640581330352,
      "precision": 0.38756388415672915,
      "recall": 0.7398373983739838
    }
  },
  "correct_predictions": 5771,
  "total_samples": 8450,
  "total_time_seconds": 38008.76866579056,
  "average_time_per_sample": 4.49807913204622,
  "samples_per_second": 0.22231712040714818,
  "is_intermediate": true,
  "timestamp": "20250716_165515"
}