{
  "accuracy": 0.6606060606060606,
  "macro_f1": 0.7193227593426927,
  "macro_precision": 0.7064001159421046,
  "macro_recall": 0.7659023278686629,
  "per_class_metrics": {
    "IT과학": {
      "f1": 0.6838709677419355,
      "precision": 0.6385542168674698,
      "recall": 0.7361111111111112
    },
    "경제": {
      "f1": 0.7605118829981719,
      "precision": 0.6645367412140575,
      "recall": 0.8888888888888888
    },
    "사회": {
      "f1": 0.6978074356530028,
      "precision": 0.8883495145631068,
      "recall": 0.5745682888540031
    },
    "생활문화": {
      "f1": 0.7885010266940452,
      "precision": 0.75,
      "recall": 0.8311688311688312
    },
    "세계": {
      "f1": 0.6810344827586207,
      "precision": 0.7247706422018348,
      "recall": 0.6422764227642277
    },
    "스포츠": {
      "f1": 0.9375,
      "precision": 0.9130434782608695,
      "recall": 0.963302752293578
    },
    "정치": {
      "f1": 0.4860335195530726,
      "precision": 0.36554621848739494,
      "recall": 0.725
    }
  },
  "correct_predictions": 1090,
  "total_samples": 1650,
  "total_time_seconds": 7331.740747928619,
  "average_time_per_sample": 4.44347924116886,
  "samples_per_second": 0.22504887402983553,
  "is_intermediate": true,
  "timestamp": "20250716_082358"
}