{
  "accuracy": 0.6596666666666666,
  "macro_f1": 0.7185985139876099,
  "macro_precision": 0.7088848370015357,
  "macro_recall": 0.7605842699644773,
  "per_class_metrics": {
    "IT과학": {
      "f1": 0.6948051948051948,
      "precision": 0.6729559748427673,
      "recall": 0.7181208053691275
    },
    "경제": {
      "f1": 0.7623666343355965,
      "precision": 0.6649746192893401,
      "recall": 0.8931818181818182
    },
    "사회": {
      "f1": 0.6998394863563403,
      "precision": 0.8861788617886179,
      "recall": 0.5782493368700266
    },
    "생활문화": {
      "f1": 0.7816091954022989,
      "precision": 0.748898678414097,
      "recall": 0.8173076923076923
    },
    "세계": {
      "f1": 0.6787330316742082,
      "precision": 0.7211538461538461,
      "recall": 0.6410256410256411
    },
    "스포츠": {
      "f1": 0.9309462915601023,
      "precision": 0.9054726368159204,
      "recall": 0.9578947368421052
    },
    "정치": {
      "f1": 0.4818897637795276,
      "precision": 0.36255924170616116,
      "recall": 0.7183098591549296
    }
  },
  "correct_predictions": 1979,
  "total_samples": 3000,
  "total_time_seconds": 13390.627964019775,
  "average_time_per_sample": 4.463542654673258,
  "samples_per_second": 0.22403728996585612,
  "is_intermediate": true,
  "timestamp": "20250716_100456"
}