{
  "accuracy": 0.6566666666666666,
  "macro_f1": 0.6738325118475884,
  "macro_precision": 0.659249736010187,
  "macro_recall": 0.7125094239301429,
  "per_class_metrics": {
    "IT과학": {
      "f1": 0.6666666666666666,
      "precision": 0.625,
      "recall": 0.7142857142857143
    },
    "경제": {
      "f1": 0.7563025210084033,
      "precision": 0.6617647058823529,
      "recall": 0.8823529411764706
    },
    "사회": {
      "f1": 0.6903553299492385,
      "precision": 0.8607594936708861,
      "recall": 0.576271186440678
    },
    "생활문화": {
      "f1": 0.82,
      "precision": 0.7884615384615384,
      "recall": 0.8541666666666666
    },
    "세계": {
      "f1": 0.5294117647058824,
      "precision": 0.5294117647058824,
      "recall": 0.5294117647058824
    },
    "스포츠": {
      "f1": 0.8837209302325582,
      "precision": 0.8636363636363636,
      "recall": 0.9047619047619048
    },
    "정치": {
      "f1": 0.37037037037037035,
      "precision": 0.2857142857142857,
      "recall": 0.5263157894736842
    }
  },
  "correct_predictions": 197,
  "total_samples": 300,
  "total_time_seconds": 1290.3001971244812,
  "average_time_per_sample": 4.301000657081604,
  "samples_per_second": 0.23250403330059913,
  "is_intermediate": true,
  "timestamp": "20250716_064316"
}