{
  "accuracy": 0.6888397790055248,
  "macro_f1": 0.7500247433638378,
  "macro_precision": 0.7439551030019026,
  "macro_recall": 0.7818840198249358,
  "per_class_metrics": {
    "IT과학": {
      "f1": 0.7480916030534351,
      "precision": 0.7466666666666667,
      "recall": 0.7495219885277247
    },
    "경제": {
      "f1": 0.7727427597955707,
      "precision": 0.6893617021276596,
      "recall": 0.8790697674418605
    },
    "사회": {
      "f1": 0.7390235335440815,
      "precision": 0.8851493479175431,
      "recall": 0.6343081097377148
    },
    "생활문화": {
      "f1": 0.8228822882288229,
      "precision": 0.8037249283667621,
      "recall": 0.8429752066115702
    },
    "세계": {
      "f1": 0.7148407148407149,
      "precision": 0.7666666666666667,
      "recall": 0.6695778748180495
    },
    "스포츠": {
      "f1": 0.9394205443371378,
      "precision": 0.924006908462867,
      "recall": 0.9553571428571429
    },
    "정치": {
      "f1": 0.5131717597471022,
      "precision": 0.392109500805153,
      "recall": 0.7423780487804879
    }
  },
  "correct_predictions": 6234,
  "total_samples": 9050,
  "total_time_seconds": 40562.27392578125,
  "average_time_per_sample": 4.48201921831837,
  "samples_per_second": 0.22311372425912862,
  "is_intermediate": true,
  "timestamp": "20250716_173748"
}