{
  "accuracy": 0.6678571428571428,
  "macro_f1": 0.7281880523978224,
  "macro_precision": 0.7212668573908001,
  "macro_recall": 0.7645236764401773,
  "per_class_metrics": {
    "IT과학": {
      "f1": 0.6861924686192469,
      "precision": 0.6758241758241759,
      "recall": 0.6968838526912181
    },
    "경제": {
      "f1": 0.7455035971223022,
      "precision": 0.6537854889589906,
      "recall": 0.8671548117154811
    },
    "사회": {
      "f1": 0.715058611361587,
      "precision": 0.8781838316722038,
      "recall": 0.603041825095057
    },
    "생활문화": {
      "f1": 0.8110687022900763,
      "precision": 0.7819687212511499,
      "recall": 0.8424182358771061
    },
    "세계": {
      "f1": 0.7069133398247323,
      "precision": 0.7658227848101266,
      "recall": 0.6564195298372514
    },
    "스포츠": {
      "f1": 0.9312638580931264,
      "precision": 0.9130434782608695,
      "recall": 0.9502262443438914
    },
    "정치": {
      "f1": 0.5013157894736842,
      "precision": 0.38023952095808383,
      "recall": 0.7355212355212355
    }
  },
  "correct_predictions": 4675,
  "total_samples": 7000,
  "total_time_seconds": 31560.96767950058,
  "average_time_per_sample": 4.5087096685000825,
  "samples_per_second": 0.22179294599216698,
  "is_intermediate": true,
  "timestamp": "20250716_150747"
}