{
  "accuracy": 0.6872316384180791,
  "macro_f1": 0.7483384826007315,
  "macro_precision": 0.7423614146031292,
  "macro_recall": 0.7806647670504526,
  "per_class_metrics": {
    "IT과학": {
      "f1": 0.7436399217221135,
      "precision": 0.7421875,
      "recall": 0.7450980392156863
    },
    "경제": {
      "f1": 0.7699825479930192,
      "precision": 0.6859452736318408,
      "recall": 0.8774860779634049
    },
    "사회": {
      "f1": 0.7367292225201072,
      "precision": 0.8837907375643225,
      "recall": 0.6316273368066196
    },
    "생활문화": {
      "f1": 0.8229557389347337,
      "precision": 0.8030746705710102,
      "recall": 0.8438461538461538
    },
    "세계": {
      "f1": 0.7156549520766773,
      "precision": 0.7697594501718213,
      "recall": 0.6686567164179105
    },
    "스포츠": {
      "f1": 0.9373297002724795,
      "precision": 0.9214285714285714,
      "recall": 0.9537892791127541
    },
    "정치": {
      "f1": 0.5120772946859904,
      "precision": 0.3903436988543372,
      "recall": 0.7441497659906396
    }
  },
  "correct_predictions": 6082,
  "total_samples": 8850,
  "total_time_seconds": 39690.99263882637,
  "average_time_per_sample": 4.484857925291116,
  "samples_per_second": 0.22297250362397808,
  "is_intermediate": true,
  "timestamp": "20250716_172317"
}