{
  "accuracy": 0.6659259259259259,
  "macro_f1": 0.7272697523376566,
  "macro_precision": 0.7195333149446163,
  "macro_recall": 0.7676324053224571,
  "per_class_metrics": {
    "IT과학": {
      "f1": 0.6981132075471698,
      "precision": 0.6820276497695853,
      "recall": 0.714975845410628
    },
    "경제": {
      "f1": 0.7537537537537538,
      "precision": 0.6596583442838371,
      "recall": 0.8791593695271454
    },
    "사회": {
      "f1": 0.7118776950215602,
      "precision": 0.88671875,
      "recall": 0.5946299934512115
    },
    "생활문화": {
      "f1": 0.7969798657718121,
      "precision": 0.7673667205169629,
      "recall": 0.8289703315881326
    },
    "세계": {
      "f1": 0.7013422818791947,
      "precision": 0.76,
      "recall": 0.6510903426791277
    },
    "스포츠": {
      "f1": 0.9323017408123792,
      "precision": 0.909433962264151,
      "recall": 0.9563492063492064
    },
    "정치": {
      "f1": 0.4965197215777262,
      "precision": 0.3715277777777778,
      "recall": 0.7482517482517482
    }
  },
  "correct_predictions": 2697,
  "total_samples": 4050,
  "total_time_seconds": 18069.712327480316,
  "average_time_per_sample": 4.4616573648099545,
  "samples_per_second": 0.22413195775346034,
  "is_intermediate": true,
  "timestamp": "20250716_112256"
}