{
  "accuracy": 0.6670588235294118,
  "macro_f1": 0.7295210403056,
  "macro_precision": 0.7218972934851855,
  "macro_recall": 0.7683728981388152,
  "per_class_metrics": {
    "IT과학": {
      "f1": 0.6970387243735763,
      "precision": 0.6891891891891891,
      "recall": 0.7050691244239631
    },
    "경제": {
      "f1": 0.757532281205165,
      "precision": 0.6649874055415617,
      "recall": 0.88
    },
    "사회": {
      "f1": 0.7142857142857143,
      "precision": 0.887546468401487,
      "recall": 0.5976220275344181
    },
    "생활문화": {
      "f1": 0.7948717948717948,
      "precision": 0.7619047619047619,
      "recall": 0.830820770519263
    },
    "세계": {
      "f1": 0.7026143790849673,
      "precision": 0.7570422535211268,
      "recall": 0.6554878048780488
    },
    "스포츠": {
      "f1": 0.9343065693430657,
      "precision": 0.9110320284697508,
      "recall": 0.9588014981273408
    },
    "정치": {
      "f1": 0.5059978189749182,
      "precision": 0.3815789473684211,
      "recall": 0.7508090614886731
    }
  },
  "correct_predictions": 2835,
  "total_samples": 4250,
  "total_time_seconds": 19016.944272994995,
  "average_time_per_sample": 4.474575123057646,
  "samples_per_second": 0.2234849058287041,
  "is_intermediate": true,
  "timestamp": "20250716_113843"
}