{
  "accuracy": 0.67125,
  "macro_f1": 0.7355179405374758,
  "macro_precision": 0.7281371026880429,
  "macro_recall": 0.7737320291783606,
  "per_class_metrics": {
    "IT과학": {
      "f1": 0.704,
      "precision": 0.6956521739130435,
      "recall": 0.7125506072874493
    },
    "경제": {
      "f1": 0.7564432989690721,
      "precision": 0.6640271493212669,
      "recall": 0.8787425149700598
    },
    "사회": {
      "f1": 0.7194148936170213,
      "precision": 0.8890714872637634,
      "recall": 0.6041317699609157
    },
    "생활문화": {
      "f1": 0.8053596614950634,
      "precision": 0.7726657645466847,
      "recall": 0.8409425625920471
    },
    "세계": {
      "f1": 0.7118155619596542,
      "precision": 0.771875,
      "recall": 0.660427807486631
    },
    "스포츠": {
      "f1": 0.939873417721519,
      "precision": 0.9166666666666666,
      "recall": 0.9642857142857143
    },
    "정치": {
      "f1": 0.51171875,
      "precision": 0.3870014771048744,
      "recall": 0.7550432276657061
    }
  },
  "correct_predictions": 3222,
  "total_samples": 4800,
  "total_time_seconds": 21494.953233003616,
  "average_time_per_sample": 4.478115256875753,
  "samples_per_second": 0.22330823184253412,
  "is_intermediate": true,
  "timestamp": "20250716_122001"
}