{
  "accuracy": 0.6667605633802817,
  "macro_f1": 0.7274009005612478,
  "macro_precision": 0.7205547000258814,
  "macro_recall": 0.763718526527626,
  "per_class_metrics": {
    "IT과학": {
      "f1": 0.6831955922865014,
      "precision": 0.6720867208672087,
      "recall": 0.6946778711484594
    },
    "경제": {
      "f1": 0.7443509082853346,
      "precision": 0.6521739130434783,
      "recall": 0.8668730650154799
    },
    "사회": {
      "f1": 0.715237672145713,
      "precision": 0.8778625954198473,
      "recall": 0.603448275862069
    },
    "생활문화": {
      "f1": 0.8105560791705938,
      "precision": 0.7825295723384895,
      "recall": 0.8406647116324536
    },
    "세계": {
      "f1": 0.7064485081809432,
      "precision": 0.7661795407098121,
      "recall": 0.6553571428571429
    },
    "스포츠": {
      "f1": 0.9320175438596491,
      "precision": 0.9139784946236559,
      "recall": 0.9507829977628636
    },
    "정치": {
      "f1": 0.5,
      "precision": 0.3790720631786772,
      "recall": 0.734225621414914
    }
  },
  "correct_predictions": 4734,
  "total_samples": 7100,
  "total_time_seconds": 32101.744948148727,
  "average_time_per_sample": 4.521372527908271,
  "samples_per_second": 0.22117177777930883,
  "is_intermediate": true,
  "timestamp": "20250716_151648"
}