{
  "accuracy": 0.6680597014925374,
  "macro_f1": 0.7291104960466399,
  "macro_precision": 0.7224437679973603,
  "macro_recall": 0.7653184446891742,
  "per_class_metrics": {
    "IT과학": {
      "f1": 0.689051094890511,
      "precision": 0.6840579710144927,
      "recall": 0.6941176470588235
    },
    "경제": {
      "f1": 0.7458900892437764,
      "precision": 0.6524239934264585,
      "recall": 0.8706140350877193
    },
    "사회": {
      "f1": 0.7174424071462153,
      "precision": 0.8815713460427499,
      "recall": 0.6048355132778438
    },
    "생활문화": {
      "f1": 0.8116658428077114,
      "precision": 0.7819047619047619,
      "recall": 0.8437821171634121
    },
    "세계": {
      "f1": 0.7066115702479339,
      "precision": 0.7616926503340757,
      "recall": 0.6589595375722543
    },
    "스포츠": {
      "f1": 0.9303423848878394,
      "precision": 0.91415313225058,
      "recall": 0.9471153846153846
    },
    "정치": {
      "f1": 0.502770083102493,
      "precision": 0.38130252100840334,
      "recall": 0.7378048780487805
    }
  },
  "correct_predictions": 4476,
  "total_samples": 6700,
  "total_time_seconds": 30216.763969421387,
  "average_time_per_sample": 4.509964771555431,
  "samples_per_second": 0.22173122200577908,
  "is_intermediate": true,
  "timestamp": "20250716_144523"
}