{
  "accuracy": 0.6679069767441861,
  "macro_f1": 0.7288653695657155,
  "macro_precision": 0.7220182675815602,
  "macro_recall": 0.7649825674805351,
  "per_class_metrics": {
    "IT과학": {
      "f1": 0.6889226100151745,
      "precision": 0.6816816816816816,
      "recall": 0.696319018404908
    },
    "경제": {
      "f1": 0.7471992206527034,
      "precision": 0.6538789428815004,
      "recall": 0.8715909090909091
    },
    "사회": {
      "f1": 0.7180616740088106,
      "precision": 0.8826714801444043,
      "recall": 0.6051980198019802
    },
    "생활문화": {
      "f1": 0.8132094943240454,
      "precision": 0.7833001988071571,
      "recall": 0.8454935622317596
    },
    "세계": {
      "f1": 0.7027027027027027,
      "precision": 0.7575757575757576,
      "recall": 0.655241935483871
    },
    "스포츠": {
      "f1": 0.9312424607961399,
      "precision": 0.9146919431279621,
      "recall": 0.9484029484029484
    },
    "정치": {
      "f1": 0.5007194244604316,
      "precision": 0.380327868852459,
      "recall": 0.7326315789473684
    }
  },
  "correct_predictions": 4308,
  "total_samples": 6450,
  "total_time_seconds": 29112.067628622055,
  "average_time_per_sample": 4.513498857150706,
  "samples_per_second": 0.2215576056734138,
  "is_intermediate": true,
  "timestamp": "20250716_142658"
}