{
  "accuracy": 0.6590909090909091,
  "macro_f1": 0.7150071398284469,
  "macro_precision": 0.7040980196901607,
  "macro_recall": 0.7612284346714745,
  "per_class_metrics": {
    "IT과학": {
      "f1": 0.7031963470319634,
      "precision": 0.6637931034482759,
      "recall": 0.7475728155339806
    },
    "경제": {
      "f1": 0.7592592592592593,
      "precision": 0.6612903225806451,
      "recall": 0.8913043478260869
    },
    "사회": {
      "f1": 0.6925845932325414,
      "precision": 0.8825688073394495,
      "recall": 0.5699052132701422
    },
    "생활문화": {
      "f1": 0.7857142857142857,
      "precision": 0.7597597597597597,
      "recall": 0.8135048231511254
    },
    "세계": {
      "f1": 0.6510067114093959,
      "precision": 0.7028985507246377,
      "recall": 0.60625
    },
    "스포츠": {
      "f1": 0.9377049180327869,
      "precision": 0.9050632911392406,
      "recall": 0.9727891156462585
    },
    "정치": {
      "f1": 0.47558386411889597,
      "precision": 0.35331230283911674,
      "recall": 0.7272727272727273
    }
  },
  "correct_predictions": 1450,
  "total_samples": 2200,
  "total_time_seconds": 9836.759902000427,
  "average_time_per_sample": 4.471254500909285,
  "samples_per_second": 0.22365087914289772,
  "is_intermediate": true,
  "timestamp": "20250716_090543"
}