{
  "accuracy": 0.6513333333333333,
  "macro_f1": 0.7103050531559021,
  "macro_precision": 0.6988365311701079,
  "macro_recall": 0.7576357335737953,
  "per_class_metrics": {
    "IT과학": {
      "f1": 0.6666666666666666,
      "precision": 0.6301369863013698,
      "recall": 0.7076923076923077
    },
    "경제": {
      "f1": 0.7463312368972747,
      "precision": 0.6472727272727272,
      "recall": 0.8811881188118812
    },
    "사회": {
      "f1": 0.689727463312369,
      "precision": 0.8867924528301887,
      "recall": 0.5643224699828473
    },
    "생활문화": {
      "f1": 0.7850877192982456,
      "precision": 0.7366255144032922,
      "recall": 0.8403755868544601
    },
    "세계": {
      "f1": 0.676056338028169,
      "precision": 0.72,
      "recall": 0.6371681415929203
    },
    "스포츠": {
      "f1": 0.9428571428571428,
      "precision": 0.9252336448598131,
      "recall": 0.9611650485436893
    },
    "정치": {
      "f1": 0.46540880503144655,
      "precision": 0.34579439252336447,
      "recall": 0.7115384615384616
    }
  },
  "correct_predictions": 977,
  "total_samples": 1500,
  "total_time_seconds": 6698.858676433563,
  "average_time_per_sample": 4.465905784289042,
  "samples_per_second": 0.22391874085610536,
  "is_intermediate": true,
  "timestamp": "20250716_081325"
}