{
  "accuracy": 0.66765625,
  "macro_f1": 0.7289426992637446,
  "macro_precision": 0.7221335569692962,
  "macro_recall": 0.7649816111739945,
  "per_class_metrics": {
    "IT과학": {
      "f1": 0.6890243902439024,
      "precision": 0.6827794561933535,
      "recall": 0.6953846153846154
    },
    "경제": {
      "f1": 0.7474252084355076,
      "precision": 0.6540772532188841,
      "recall": 0.8718535469107551
    },
    "사회": {
      "f1": 0.717391304347826,
      "precision": 0.8821385176184691,
      "recall": 0.604496253122398
    },
    "생활문화": {
      "f1": 0.8143525741029641,
      "precision": 0.7837837837837838,
      "recall": 0.8474025974025974
    },
    "세계": {
      "f1": 0.7024070021881839,
      "precision": 0.7570754716981132,
      "recall": 0.6551020408163265
    },
    "스포츠": {
      "f1": 0.9309090909090909,
      "precision": 0.9142857142857143,
      "recall": 0.9481481481481482
    },
    "정치": {
      "f1": 0.5010893246187363,
      "precision": 0.38079470198675497,
      "recall": 0.732484076433121
    }
  },
  "correct_predictions": 4273,
  "total_samples": 6400,
  "total_time_seconds": 28880.411347150803,
  "average_time_per_sample": 4.5125642729923126,
  "samples_per_second": 0.22160349182946773,
  "is_intermediate": true,
  "timestamp": "20250716_142306"
}