{
  "accuracy": 0.6865909090909091,
  "macro_f1": 0.7477936042255784,
  "macro_precision": 0.741791702492045,
  "macro_recall": 0.7803612227302591,
  "per_class_metrics": {
    "IT과학": {
      "f1": 0.7433628318584071,
      "precision": 0.7411764705882353,
      "recall": 0.7455621301775148
    },
    "경제": {
      "f1": 0.7696629213483146,
      "precision": 0.685428392745466,
      "recall": 0.877502001601281
    },
    "사회": {
      "f1": 0.7361610352264558,
      "precision": 0.8839015968925334,
      "recall": 0.6307360640591315
    },
    "생활문화": {
      "f1": 0.8229088168801808,
      "precision": 0.8029411764705883,
      "recall": 0.8438948995363215
    },
    "세계": {
      "f1": 0.7154340836012861,
      "precision": 0.7698961937716263,
      "recall": 0.6681681681681682
    },
    "스포츠": {
      "f1": 0.9367552703941339,
      "precision": 0.9207207207207208,
      "recall": 0.9533582089552238
    },
    "정치": {
      "f1": 0.5102702702702703,
      "precision": 0.388477366255144,
      "recall": 0.7433070866141732
    }
  },
  "correct_predictions": 6042,
  "total_samples": 8800,
  "total_time_seconds": 39502.830266714096,
  "average_time_per_sample": 4.488957984853875,
  "samples_per_second": 0.2227688482213656,
  "is_intermediate": true,
  "timestamp": "20250716_172009"
}