{
  "accuracy": 0.6705454545454546,
  "macro_f1": 0.7336978839732998,
  "macro_precision": 0.7265999039873268,
  "macro_recall": 0.7697935265171528,
  "per_class_metrics": {
    "IT과학": {
      "f1": 0.7,
      "precision": 0.6904761904761905,
      "recall": 0.7097902097902098
    },
    "경제": {
      "f1": 0.7505720823798627,
      "precision": 0.6592964824120603,
      "recall": 0.8711819389110226
    },
    "사회": {
      "f1": 0.7197013210798392,
      "precision": 0.8817733990147784,
      "recall": 0.6079573022804464
    },
    "생활문화": {
      "f1": 0.8144078144078144,
      "precision": 0.7828638497652582,
      "recall": 0.8486005089058524
    },
    "세계": {
      "f1": 0.7112232030264817,
      "precision": 0.7704918032786885,
      "recall": 0.6604215456674473
    },
    "스포츠": {
      "f1": 0.9378531073446328,
      "precision": 0.9196675900277008,
      "recall": 0.9567723342939481
    },
    "정치": {
      "f1": 0.502127659574468,
      "precision": 0.3816300129366106,
      "recall": 0.7338308457711443
    }
  },
  "correct_predictions": 3688,
  "total_samples": 5500,
  "total_time_seconds": 24707.753749608994,
  "average_time_per_sample": 4.492318863565272,
  "samples_per_second": 0.2226021861694748,
  "is_intermediate": true,
  "timestamp": "20250716_131334"
}