{
  "accuracy": 0.6564102564102564,
  "macro_f1": 0.7158108033952255,
  "macro_precision": 0.7062175358574858,
  "macro_recall": 0.7601299432431315,
  "per_class_metrics": {
    "IT과학": {
      "f1": 0.6947368421052632,
      "precision": 0.66,
      "recall": 0.7333333333333333
    },
    "경제": {
      "f1": 0.7530487804878049,
      "precision": 0.6517150395778364,
      "recall": 0.8916967509025271
    },
    "사회": {
      "f1": 0.6895424836601307,
      "precision": 0.8791666666666667,
      "recall": 0.5672043010752689
    },
    "생활문화": {
      "f1": 0.783068783068783,
      "precision": 0.752542372881356,
      "recall": 0.8161764705882353
    },
    "세계": {
      "f1": 0.6666666666666666,
      "precision": 0.7244094488188977,
      "recall": 0.6174496644295302
    },
    "스포츠": {
      "f1": 0.9411764705882353,
      "precision": 0.9142857142857143,
      "recall": 0.9696969696969697
    },
    "정치": {
      "f1": 0.48243559718969553,
      "precision": 0.36140350877192984,
      "recall": 0.7253521126760564
    }
  },
  "correct_predictions": 1280,
  "total_samples": 1950,
  "total_time_seconds": 8704.900754451752,
  "average_time_per_sample": 4.464051668949616,
  "samples_per_second": 0.22401174407448074,
  "is_intermediate": true,
  "timestamp": "20250716_084651"
}