{
  "accuracy": 0.66475,
  "macro_f1": 0.7259374141782166,
  "macro_precision": 0.7182515057264341,
  "macro_recall": 0.766621085259039,
  "per_class_metrics": {
    "IT과학": {
      "f1": 0.6952380952380952,
      "precision": 0.6790697674418604,
      "recall": 0.7121951219512195
    },
    "경제": {
      "f1": 0.7539742619227857,
      "precision": 0.6596026490066225,
      "recall": 0.8798586572438163
    },
    "사회": {
      "f1": 0.7092930897537728,
      "precision": 0.8859126984126984,
      "recall": 0.5913907284768212
    },
    "생활문화": {
      "f1": 0.7948717948717948,
      "precision": 0.7635467980295566,
      "recall": 0.8288770053475936
    },
    "세계": {
      "f1": 0.6996587030716723,
      "precision": 0.7592592592592593,
      "recall": 0.6487341772151899
    },
    "스포츠": {
      "f1": 0.9320388349514563,
      "precision": 0.9090909090909091,
      "recall": 0.9561752988047809
    },
    "정치": {
      "f1": 0.4964871194379391,
      "precision": 0.3712784588441331,
      "recall": 0.7491166077738516
    }
  },
  "correct_predictions": 2659,
  "total_samples": 4000,
  "total_time_seconds": 17832.395342350006,
  "average_time_per_sample": 4.458098835587501,
  "samples_per_second": 0.2243108636393022,
  "is_intermediate": true,
  "timestamp": "20250716_111858"
}