{
  "accuracy": 0.6714285714285714,
  "macro_f1": 0.7351632721860442,
  "macro_precision": 0.7276860163624143,
  "macro_recall": 0.7727012557654717,
  "per_class_metrics": {
    "IT과학": {
      "f1": 0.7045009784735812,
      "precision": 0.694980694980695,
      "recall": 0.7142857142857143
    },
    "경제": {
      "f1": 0.7545741324921136,
      "precision": 0.6629711751662971,
      "recall": 0.8755490483162518
    },
    "사회": {
      "f1": 0.7194805194805195,
      "precision": 0.885691446842526,
      "recall": 0.6057955166757791
    },
    "생활문화": {
      "f1": 0.8060941828254847,
      "precision": 0.7729083665338645,
      "recall": 0.8422575976845152
    },
    "세계": {
      "f1": 0.7090395480225988,
      "precision": 0.7723076923076924,
      "recall": 0.6553524804177546
    },
    "스포츠": {
      "f1": 0.9395348837209302,
      "precision": 0.9154078549848943,
      "recall": 0.964968152866242
    },
    "정치": {
      "f1": 0.5129186602870813,
      "precision": 0.38953488372093026,
      "recall": 0.7507002801120448
    }
  },
  "correct_predictions": 3290,
  "total_samples": 4900,
  "total_time_seconds": 21963.285896539688,
  "average_time_per_sample": 4.482303244191773,
  "samples_per_second": 0.2230995864226306,
  "is_intermediate": true,
  "timestamp": "20250716_122749"
}