{
  "accuracy": 0.6713131313131313,
  "macro_f1": 0.7353262107065799,
  "macro_precision": 0.7279171032789069,
  "macro_recall": 0.7728127252886682,
  "per_class_metrics": {
    "IT과학": {
      "f1": 0.7067961165048544,
      "precision": 0.6973180076628352,
      "recall": 0.7165354330708661
    },
    "경제": {
      "f1": 0.7526612398246713,
      "precision": 0.6604395604395604,
      "recall": 0.8748180494905385
    },
    "사회": {
      "f1": 0.7206918641896221,
      "precision": 0.8858267716535433,
      "recall": 0.607451403887689
    },
    "생활문화": {
      "f1": 0.8052126200274349,
      "precision": 0.7723684210526316,
      "recall": 0.8409742120343839
    },
    "세계": {
      "f1": 0.7103064066852368,
      "precision": 0.7750759878419453,
      "recall": 0.6555269922879178
    },
    "스포츠": {
      "f1": 0.9397217928902627,
      "precision": 0.9156626506024096,
      "recall": 0.9650793650793651
    },
    "정치": {
      "f1": 0.5118934348239772,
      "precision": 0.38872832369942195,
      "recall": 0.7493036211699164
    }
  },
  "correct_predictions": 3323,
  "total_samples": 4950,
  "total_time_seconds": 22184.478979110718,
  "average_time_per_sample": 4.4817129250728724,
  "samples_per_second": 0.2231289724974386,
  "is_intermediate": true,
  "timestamp": "20250716_123130"
}