{
  "accuracy": 0.66125,
  "macro_f1": 0.7202901311255766,
  "macro_precision": 0.712214579302627,
  "macro_recall": 0.7593692263520115,
  "per_class_metrics": {
    "IT과학": {
      "f1": 0.6894409937888198,
      "precision": 0.676829268292683,
      "recall": 0.7025316455696202
    },
    "경제": {
      "f1": 0.75591985428051,
      "precision": 0.6576862123613312,
      "recall": 0.8886509635974305
    },
    "사회": {
      "f1": 0.7034621174109383,
      "precision": 0.8828715365239295,
      "recall": 0.5846538782318599
    },
    "생활문화": {
      "f1": 0.7840172786177105,
      "precision": 0.7531120331950207,
      "recall": 0.8175675675675675
    },
    "세계": {
      "f1": 0.6782608695652174,
      "precision": 0.7289719626168224,
      "recall": 0.6341463414634146
    },
    "스포츠": {
      "f1": 0.9345794392523364,
      "precision": 0.9090909090909091,
      "recall": 0.9615384615384616
    },
    "정치": {
      "f1": 0.49635036496350365,
      "precision": 0.376940133037694,
      "recall": 0.7264957264957265
    }
  },
  "correct_predictions": 2116,
  "total_samples": 3200,
  "total_time_seconds": 14274.61334991455,
  "average_time_per_sample": 4.460816671848297,
  "samples_per_second": 0.2241741980366253,
  "is_intermediate": true,
  "timestamp": "20250716_101940"
}