{
  "accuracy": 0.6712418300653594,
  "macro_f1": 0.7315337495803486,
  "macro_precision": 0.7250857826089154,
  "macro_recall": 0.7665279640781932,
  "per_class_metrics": {
    "IT과학": {
      "f1": 0.690176322418136,
      "precision": 0.681592039800995,
      "recall": 0.6989795918367347
    },
    "경제": {
      "f1": 0.7521437321355655,
      "precision": 0.6630669546436285,
      "recall": 0.8688679245283019
    },
    "사회": {
      "f1": 0.7215476435480551,
      "precision": 0.8778167250876314,
      "recall": 0.6125087351502446
    },
    "생활문화": {
      "f1": 0.8114682884448305,
      "precision": 0.7868576242628476,
      "recall": 0.8376681614349776
    },
    "세계": {
      "f1": 0.7071622846781505,
      "precision": 0.7677165354330708,
      "recall": 0.6554621848739496
    },
    "스포츠": {
      "f1": 0.9345794392523364,
      "precision": 0.9164969450101833,
      "recall": 0.9533898305084746
    },
    "정치": {
      "f1": 0.5036585365853659,
      "precision": 0.3820536540240518,
      "recall": 0.738819320214669
    }
  },
  "correct_predictions": 5135,
  "total_samples": 7650,
  "total_time_seconds": 34526.46121549606,
  "average_time_per_sample": 4.513262903986414,
  "samples_per_second": 0.22156918869422243,
  "is_intermediate": true,
  "timestamp": "20250716_155712"
}