{
  "accuracy": 0.6687218045112782,
  "macro_f1": 0.7295388849343064,
  "macro_precision": 0.7229638603032663,
  "macro_recall": 0.7653628127198573,
  "per_class_metrics": {
    "IT과학": {
      "f1": 0.6881405563689604,
      "precision": 0.6831395348837209,
      "recall": 0.6932153392330384
    },
    "경제": {
      "f1": 0.7469310670443815,
      "precision": 0.653179190751445,
      "recall": 0.8721058434399118
    },
    "사회": {
      "f1": 0.7177783052456682,
      "precision": 0.8816326530612245,
      "recall": 0.6052842273819056
    },
    "생활문화": {
      "f1": 0.8125310790651418,
      "precision": 0.7825670498084292,
      "recall": 0.8448810754912099
    },
    "세계": {
      "f1": 0.7057591623036649,
      "precision": 0.7607223476297968,
      "recall": 0.658203125
    },
    "스포츠": {
      "f1": 0.9314420803782506,
      "precision": 0.9162790697674419,
      "recall": 0.9471153846153846
    },
    "정치": {
      "f1": 0.5041899441340782,
      "precision": 0.3832271762208068,
      "recall": 0.736734693877551
    }
  },
  "correct_predictions": 4447,
  "total_samples": 6650,
  "total_time_seconds": 29981.271587848663,
  "average_time_per_sample": 4.508461892909573,
  "samples_per_second": 0.2218051352663517,
  "is_intermediate": true,
  "timestamp": "20250716_144127"
}