{
  "accuracy": 0.6608,
  "macro_f1": 0.7208396556416558,
  "macro_precision": 0.713095161899729,
  "macro_recall": 0.7613294351979515,
  "per_class_metrics": {
    "IT과학": {
      "f1": 0.6854219948849105,
      "precision": 0.6666666666666666,
      "recall": 0.7052631578947368
    },
    "경제": {
      "f1": 0.7488076311605724,
      "precision": 0.6523545706371191,
      "recall": 0.878731343283582
    },
    "사회": {
      "f1": 0.7040205303678357,
      "precision": 0.8821007502679529,
      "recall": 0.5857651245551602
    },
    "생활문화": {
      "f1": 0.7912885662431942,
      "precision": 0.7622377622377622,
      "recall": 0.8226415094339623
    },
    "세계": {
      "f1": 0.6838235294117647,
      "precision": 0.744,
      "recall": 0.6326530612244898
    },
    "스포츠": {
      "f1": 0.9325153374233128,
      "precision": 0.9083665338645418,
      "recall": 0.957983193277311
    },
    "정치": {
      "f1": 0.5,
      "precision": 0.37593984962406013,
      "recall": 0.746268656716418
    }
  },
  "correct_predictions": 2478,
  "total_samples": 3750,
  "total_time_seconds": 16728.16198825836,
  "average_time_per_sample": 4.460843196868897,
  "samples_per_second": 0.22417286505428133,
  "is_intermediate": true,
  "timestamp": "20250716_110034"
}