{
  "accuracy": 0.6708620689655173,
  "macro_f1": 0.7307379840349725,
  "macro_precision": 0.7245503955916485,
  "macro_recall": 0.7664955626348984,
  "per_class_metrics": {
    "IT과학": {
      "f1": 0.6925566343042071,
      "precision": 0.6881028938906752,
      "recall": 0.6970684039087948
    },
    "경제": {
      "f1": 0.7502702702702703,
      "precision": 0.6571969696969697,
      "recall": 0.8740554156171285
    },
    "사회": {
      "f1": 0.7218902770233568,
      "precision": 0.8848202396804261,
      "recall": 0.6096330275229358
    },
    "생활문화": {
      "f1": 0.8170802077322562,
      "precision": 0.7840531561461794,
      "recall": 0.8530120481927711
    },
    "세계": {
      "f1": 0.7034813925570228,
      "precision": 0.7630208333333334,
      "recall": 0.6525612472160356
    },
    "스포츠": {
      "f1": 0.9331550802139037,
      "precision": 0.9184210526315789,
      "recall": 0.9483695652173914
    },
    "정치": {
      "f1": 0.49673202614379086,
      "precision": 0.37623762376237624,
      "recall": 0.7307692307692307
    }
  },
  "correct_predictions": 3891,
  "total_samples": 5800,
  "total_time_seconds": 26066.184216976166,
  "average_time_per_sample": 4.494169692582098,
  "samples_per_second": 0.2225105121532374,
  "is_intermediate": true,
  "timestamp": "20250716_133612"
}