{
  "accuracy": 0.6496296296296297,
  "macro_f1": 0.7105686009009132,
  "macro_precision": 0.6978551785808633,
  "macro_recall": 0.7608042394633882,
  "per_class_metrics": {
    "IT과학": {
      "f1": 0.676923076923077,
      "precision": 0.6470588235294118,
      "recall": 0.7096774193548387
    },
    "경제": {
      "f1": 0.7434052757793765,
      "precision": 0.6378600823045267,
      "recall": 0.8908045977011494
    },
    "사회": {
      "f1": 0.6906141367323291,
      "precision": 0.8948948948948949,
      "recall": 0.5622641509433962
    },
    "생활문화": {
      "f1": 0.7836538461538461,
      "precision": 0.7342342342342343,
      "recall": 0.8402061855670103
    },
    "세계": {
      "f1": 0.6834170854271356,
      "precision": 0.7157894736842105,
      "recall": 0.6538461538461539
    },
    "스포츠": {
      "f1": 0.9333333333333333,
      "precision": 0.9130434782608695,
      "recall": 0.9545454545454546
    },
    "정치": {
      "f1": 0.4626334519572954,
      "precision": 0.34210526315789475,
      "recall": 0.7142857142857143
    }
  },
  "correct_predictions": 877,
  "total_samples": 1350,
  "total_time_seconds": 5998.95197224617,
  "average_time_per_sample": 4.443668127589755,
  "samples_per_second": 0.2250393079067315,
  "is_intermediate": true,
  "timestamp": "20250716_080145"
}