{
  "accuracy": 0.6855172413793104,
  "macro_f1": 0.7467305153102062,
  "macro_precision": 0.7405987841676848,
  "macro_recall": 0.7794499919738429,
  "per_class_metrics": {
    "IT과학": {
      "f1": 0.7405189620758483,
      "precision": 0.7375745526838966,
      "recall": 0.7434869739478958
    },
    "경제": {
      "f1": 0.7684135977337111,
      "precision": 0.6836798991808444,
      "recall": 0.8771220695230396
    },
    "사회": {
      "f1": 0.7348126591487814,
      "precision": 0.8836395450568679,
      "recall": 0.6288916562889165
    },
    "생활문화": {
      "f1": 0.823079862437906,
      "precision": 0.8037313432835821,
      "recall": 0.8433829287392326
    },
    "세계": {
      "f1": 0.7156862745098039,
      "precision": 0.7684210526315789,
      "recall": 0.6697247706422018
    },
    "스포츠": {
      "f1": 0.936405529953917,
      "precision": 0.9202898550724637,
      "recall": 0.9530956848030019
    },
    "정치": {
      "f1": 0.5081967213114754,
      "precision": 0.38685524126455906,
      "recall": 0.7404458598726115
    }
  },
  "correct_predictions": 5964,
  "total_samples": 8700,
  "total_time_seconds": 39070.90299797058,
  "average_time_per_sample": 4.490908390571331,
  "samples_per_second": 0.22267209950207434,
  "is_intermediate": true,
  "timestamp": "20250716_171257"
}