{
  "accuracy": 0.66,
  "macro_f1": 0.7192282452899085,
  "macro_precision": 0.7096478301767615,
  "macro_recall": 0.7637890731229218,
  "per_class_metrics": {
    "IT과학": {
      "f1": 0.6989247311827957,
      "precision": 0.6632653061224489,
      "recall": 0.7386363636363636
    },
    "경제": {
      "f1": 0.7577639751552795,
      "precision": 0.6576819407008087,
      "recall": 0.8937728937728938
    },
    "사회": {
      "f1": 0.6902953586497891,
      "precision": 0.8852813852813853,
      "recall": 0.5656984785615491
    },
    "생활문화": {
      "f1": 0.7913669064748201,
      "precision": 0.7560137457044673,
      "recall": 0.8301886792452831
    },
    "세계": {
      "f1": 0.6691729323308271,
      "precision": 0.7235772357723578,
      "recall": 0.6223776223776224
    },
    "스포츠": {
      "f1": 0.9438202247191011,
      "precision": 0.9197080291970803,
      "recall": 0.9692307692307692
    },
    "정치": {
      "f1": 0.48325358851674644,
      "precision": 0.36200716845878134,
      "recall": 0.7266187050359713
    }
  },
  "correct_predictions": 1254,
  "total_samples": 1900,
  "total_time_seconds": 8453.68158364296,
  "average_time_per_sample": 4.4493060966541895,
  "samples_per_second": 0.22475414778767072,
  "is_intermediate": true,
  "timestamp": "20250716_084240"
}