{
  "accuracy": 0.6507142857142857,
  "macro_f1": 0.7120637177450593,
  "macro_precision": 0.6997865967569074,
  "macro_recall": 0.7611206302524522,
  "per_class_metrics": {
    "IT과학": {
      "f1": 0.6766917293233082,
      "precision": 0.6428571428571429,
      "recall": 0.7142857142857143
    },
    "경제": {
      "f1": 0.7453703703703703,
      "precision": 0.6465863453815262,
      "recall": 0.8797814207650273
    },
    "사회": {
      "f1": 0.688413948256468,
      "precision": 0.8895348837209303,
      "recall": 0.5614678899082569
    },
    "생활문화": {
      "f1": 0.7862068965517242,
      "precision": 0.7370689655172413,
      "recall": 0.8423645320197044
    },
    "세계": {
      "f1": 0.6862745098039216,
      "precision": 0.7216494845360825,
      "recall": 0.6542056074766355
    },
    "스포츠": {
      "f1": 0.9368421052631579,
      "precision": 0.9175257731958762,
      "recall": 0.956989247311828
    },
    "정치": {
      "f1": 0.46464646464646464,
      "precision": 0.34328358208955223,
      "recall": 0.71875
    }
  },
  "correct_predictions": 911,
  "total_samples": 1400,
  "total_time_seconds": 6241.369376897812,
  "average_time_per_sample": 4.458120983498437,
  "samples_per_second": 0.22430974926464792,
  "is_intermediate": true,
  "timestamp": "20250716_080547"
}