{
  "accuracy": 0.6725490196078432,
  "macro_f1": 0.7358606290821224,
  "macro_precision": 0.72785446261885,
  "macro_recall": 0.7735171930798218,
  "per_class_metrics": {
    "IT과학": {
      "f1": 0.7056603773584905,
      "precision": 0.6925925925925925,
      "recall": 0.7192307692307692
    },
    "경제": {
      "f1": 0.7548780487804878,
      "precision": 0.664876476906552,
      "recall": 0.8730606488011283
    },
    "사회": {
      "f1": 0.7208216619981326,
      "precision": 0.8853211009174312,
      "recall": 0.6078740157480315
    },
    "생활문화": {
      "f1": 0.8108108108108109,
      "precision": 0.7774968394437421,
      "recall": 0.8471074380165289
    },
    "세계": {
      "f1": 0.7131367292225201,
      "precision": 0.7732558139534884,
      "recall": 0.6616915422885572
    },
    "스포츠": {
      "f1": 0.9401197604790419,
      "precision": 0.9181286549707602,
      "recall": 0.9631901840490797
    },
    "정치": {
      "f1": 0.5055970149253731,
      "precision": 0.38330975954738333,
      "recall": 0.7424657534246575
    }
  },
  "correct_predictions": 3430,
  "total_samples": 5100,
  "total_time_seconds": 22842.064272642136,
  "average_time_per_sample": 4.478836131890615,
  "samples_per_second": 0.22327229006654417,
  "is_intermediate": true,
  "timestamp": "20250716_124228"
}