{
  "accuracy": 0.6733333333333333,
  "macro_f1": 0.7343063177515116,
  "macro_precision": 0.7278679875099269,
  "macro_recall": 0.7690901922241941,
  "per_class_metrics": {
    "IT과학": {
      "f1": 0.7019230769230769,
      "precision": 0.6919431279620853,
      "recall": 0.7121951219512195
    },
    "경제": {
      "f1": 0.7536808595304417,
      "precision": 0.6654954321855235,
      "recall": 0.8688073394495412
    },
    "사회": {
      "f1": 0.7241518578352181,
      "precision": 0.878921568627451,
      "recall": 0.615728021978022
    },
    "생활문화": {
      "f1": 0.8129803586678053,
      "precision": 0.7893864013266998,
      "recall": 0.8380281690140845
    },
    "세계": {
      "f1": 0.7071428571428572,
      "precision": 0.7689320388349514,
      "recall": 0.6545454545454545
    },
    "스포츠": {
      "f1": 0.9348500517063082,
      "precision": 0.9168356997971603,
      "recall": 0.9535864978902954
    },
    "정치": {
      "f1": 0.5054151624548736,
      "precision": 0.3835616438356164,
      "recall": 0.7407407407407407
    }
  },
  "correct_predictions": 5252,
  "total_samples": 7800,
  "total_time_seconds": 35210.96402668953,
  "average_time_per_sample": 4.514226157267888,
  "samples_per_second": 0.221521909882606,
  "is_intermediate": true,
  "timestamp": "20250716_160837"
}