{
  "accuracy": 0.670608695652174,
  "macro_f1": 0.7309585990031763,
  "macro_precision": 0.7250698004072847,
  "macro_recall": 0.7664179561873897,
  "per_class_metrics": {
    "IT과학": {
      "f1": 0.696078431372549,
      "precision": 0.6938110749185668,
      "recall": 0.6983606557377049
    },
    "경제": {
      "f1": 0.7491821155943293,
      "precision": 0.6561604584527221,
      "recall": 0.8729351969504447
    },
    "사회": {
      "f1": 0.7213384530992869,
      "precision": 0.883736559139785,
      "recall": 0.6093605189990732
    },
    "생활문화": {
      "f1": 0.8158508158508159,
      "precision": 0.7829977628635347,
      "recall": 0.851581508515815
    },
    "세계": {
      "f1": 0.7051744885679904,
      "precision": 0.7650130548302873,
      "recall": 0.6540178571428571
    },
    "스포츠": {
      "f1": 0.9327956989247311,
      "precision": 0.917989417989418,
      "recall": 0.9480874316939891
    },
    "정치": {
      "f1": 0.4962901896125309,
      "precision": 0.3757802746566791,
      "recall": 0.7305825242718447
    }
  },
  "correct_predictions": 3856,
  "total_samples": 5750,
  "total_time_seconds": 25848.12115430832,
  "average_time_per_sample": 4.4953254181405775,
  "samples_per_second": 0.22245330581954503,
  "is_intermediate": true,
  "timestamp": "20250716_133234"
}