{
  "accuracy": 0.66,
  "macro_f1": 0.7190301936425441,
  "macro_precision": 0.7105930548047809,
  "macro_recall": 0.7589292377944474,
  "per_class_metrics": {
    "IT과학": {
      "f1": 0.6876971608832808,
      "precision": 0.6728395061728395,
      "recall": 0.7032258064516129
    },
    "경제": {
      "f1": 0.7550644567219152,
      "precision": 0.656,
      "recall": 0.8893709327548807
    },
    "사회": {
      "f1": 0.7020408163265306,
      "precision": 0.884318766066838,
      "recall": 0.5820642978003384
    },
    "생활문화": {
      "f1": 0.7809734513274337,
      "precision": 0.7494692144373672,
      "recall": 0.815242494226328
    },
    "세계": {
      "f1": 0.6797385620915033,
      "precision": 0.7289719626168224,
      "recall": 0.636734693877551
    },
    "스포츠": {
      "f1": 0.933649289099526,
      "precision": 0.9078341013824884,
      "recall": 0.9609756097560975
    },
    "정치": {
      "f1": 0.49404761904761907,
      "precision": 0.3747178329571106,
      "recall": 0.7248908296943232
    }
  },
  "correct_predictions": 2079,
  "total_samples": 3150,
  "total_time_seconds": 14069.799894332886,
  "average_time_per_sample": 4.466603141058059,
  "samples_per_second": 0.22388378112390744,
  "is_intermediate": true,
  "timestamp": "20250716_101616"
}