{
  "accuracy": 0.685,
  "macro_f1": 0.7457195715568394,
  "macro_precision": 0.7394852494401086,
  "macro_recall": 0.778398070623008,
  "per_class_metrics": {
    "IT과학": {
      "f1": 0.7354443309499489,
      "precision": 0.7317073170731707,
      "recall": 0.7392197125256673
    },
    "경제": {
      "f1": 0.7678571428571429,
      "precision": 0.6834075015893197,
      "recall": 0.876120619396903
    },
    "사회": {
      "f1": 0.7348666053357865,
      "precision": 0.8836283185840708,
      "recall": 0.628976377952756
    },
    "생활문화": {
      "f1": 0.8233475067645922,
      "precision": 0.8031674208144797,
      "recall": 0.8445678033306899
    },
    "세계": {
      "f1": 0.7145214521452146,
      "precision": 0.7677304964539007,
      "recall": 0.6682098765432098
    },
    "스포츠": {
      "f1": 0.9356943150046598,
      "precision": 0.9194139194139194,
      "recall": 0.952561669829222
    },
    "정치": {
      "f1": 0.5083056478405316,
      "precision": 0.38734177215189874,
      "recall": 0.7391304347826086
    }
  },
  "correct_predictions": 5891,
  "total_samples": 8600,
  "total_time_seconds": 38645.78057384491,
  "average_time_per_sample": 4.493695415563361,
  "samples_per_second": 0.22253399652691702,
  "is_intermediate": true,
  "timestamp": "20250716_170552"
}