{
  "accuracy": 0.6659574468085107,
  "macro_f1": 0.7213231576812927,
  "macro_precision": 0.7096168894035497,
  "macro_recall": 0.7668003980419893,
  "per_class_metrics": {
    "IT과학": {
      "f1": 0.7124463519313304,
      "precision": 0.6747967479674797,
      "recall": 0.7545454545454545
    },
    "경제": {
      "f1": 0.7615571776155717,
      "precision": 0.6659574468085107,
      "recall": 0.8892045454545454
    },
    "사회": {
      "f1": 0.6972972972972973,
      "precision": 0.8835616438356164,
      "recall": 0.5758928571428571
    },
    "생활문화": {
      "f1": 0.7855072463768116,
      "precision": 0.7612359550561798,
      "recall": 0.811377245508982
    },
    "세계": {
      "f1": 0.6706948640483383,
      "precision": 0.7161290322580646,
      "recall": 0.6306818181818182
    },
    "스포츠": {
      "f1": 0.937888198757764,
      "precision": 0.9041916167664671,
      "recall": 0.9741935483870968
    },
    "정치": {
      "f1": 0.4838709677419355,
      "precision": 0.3614457831325301,
      "recall": 0.7317073170731707
    }
  },
  "correct_predictions": 1565,
  "total_samples": 2350,
  "total_time_seconds": 10482.038586139679,
  "average_time_per_sample": 4.460441951548799,
  "samples_per_second": 0.2241930308391907,
  "is_intermediate": true,
  "timestamp": "20250716_091628"
}