{
  "accuracy": 0.6676811594202898,
  "macro_f1": 0.7282712214726731,
  "macro_precision": 0.7215357170655416,
  "macro_recall": 0.7643746313086599,
  "per_class_metrics": {
    "IT과학": {
      "f1": 0.6855524079320113,
      "precision": 0.6778711484593838,
      "recall": 0.6934097421203438
    },
    "경제": {
      "f1": 0.7463503649635036,
      "precision": 0.653876898481215,
      "recall": 0.869287991498406
    },
    "사회": {
      "f1": 0.7150045745654163,
      "precision": 0.8785834738617201,
      "recall": 0.6027767065175472
    },
    "생활문화": {
      "f1": 0.8108108108108109,
      "precision": 0.7813953488372093,
      "recall": 0.8425275827482447
    },
    "세계": {
      "f1": 0.705765407554672,
      "precision": 0.7634408602150538,
      "recall": 0.6561922365988909
    },
    "스포츠": {
      "f1": 0.9307604994324631,
      "precision": 0.9131403118040089,
      "recall": 0.9490740740740741
    },
    "정치": {
      "f1": 0.5036544850498339,
      "precision": 0.38244197780020184,
      "recall": 0.7373540856031129
    }
  },
  "correct_predictions": 4607,
  "total_samples": 6900,
  "total_time_seconds": 31086.426642894745,
  "average_time_per_sample": 4.505279223607934,
  "samples_per_second": 0.22196182530928157,
  "is_intermediate": true,
  "timestamp": "20250716_145952"
}