{
  "accuracy": 0.6698684210526316,
  "macro_f1": 0.7305978416594022,
  "macro_precision": 0.724231417567956,
  "macro_recall": 0.7655927613508035,
  "per_class_metrics": {
    "IT과학": {
      "f1": 0.6878980891719745,
      "precision": 0.6801007556675063,
      "recall": 0.6958762886597938
    },
    "경제": {
      "f1": 0.7511275112751128,
      "precision": 0.661849710982659,
      "recall": 0.8682464454976303
    },
    "사회": {
      "f1": 0.7200828157349897,
      "precision": 0.8769541099344428,
      "recall": 0.6108184053389533
    },
    "생활문화": {
      "f1": 0.810359964881475,
      "precision": 0.7855319148936171,
      "recall": 0.8368087035358114
    },
    "세계": {
      "f1": 0.7084468664850136,
      "precision": 0.7677165354330708,
      "recall": 0.657672849915683
    },
    "스포츠": {
      "f1": 0.9347368421052632,
      "precision": 0.9173553719008265,
      "recall": 0.9527896995708155
    },
    "정치": {
      "f1": 0.5015328019619865,
      "precision": 0.38011152416356875,
      "recall": 0.736936936936937
    }
  },
  "correct_predictions": 5091,
  "total_samples": 7600,
  "total_time_seconds": 34314.715898513794,
  "average_time_per_sample": 4.515094197172868,
  "samples_per_second": 0.22147932165538237,
  "is_intermediate": true,
  "timestamp": "20250716_155341"
}