{
  "accuracy": 0.6701098901098901,
  "macro_f1": 0.7337666805334072,
  "macro_precision": 0.7256410207017678,
  "macro_recall": 0.7728244051461352,
  "per_class_metrics": {
    "IT과학": {
      "f1": 0.7061310782241015,
      "precision": 0.6929460580912863,
      "recall": 0.7198275862068966
    },
    "경제": {
      "f1": 0.7588075880758808,
      "precision": 0.6674612634088201,
      "recall": 0.8791208791208791
    },
    "사회": {
      "f1": 0.7173231090972464,
      "precision": 0.8870689655172413,
      "recall": 0.6021064950263312
    },
    "생활문화": {
      "f1": 0.7997032640949555,
      "precision": 0.7667140825035562,
      "recall": 0.8356589147286821
    },
    "세계": {
      "f1": 0.709480122324159,
      "precision": 0.7682119205298014,
      "recall": 0.6590909090909091
    },
    "스포츠": {
      "f1": 0.9371816638370118,
      "precision": 0.9139072847682119,
      "recall": 0.9616724738675958
    },
    "정치": {
      "f1": 0.5077399380804953,
      "precision": 0.38317757009345793,
      "recall": 0.7522935779816514
    }
  },
  "correct_predictions": 3049,
  "total_samples": 4550,
  "total_time_seconds": 20355.59738779068,
  "average_time_per_sample": 4.473757667646304,
  "samples_per_second": 0.2235257415107403,
  "is_intermediate": true,
  "timestamp": "20250716_120101"
}