{
  "accuracy": 0.658360655737705,
  "macro_f1": 0.7164566695124303,
  "macro_precision": 0.7075330935341713,
  "macro_recall": 0.7573550483215049,
  "per_class_metrics": {
    "IT과학": {
      "f1": 0.6878980891719745,
      "precision": 0.6708074534161491,
      "recall": 0.7058823529411765
    },
    "경제": {
      "f1": 0.7561904761904762,
      "precision": 0.6583747927031509,
      "recall": 0.8881431767337807
    },
    "사회": {
      "f1": 0.7006838506049448,
      "precision": 0.8844621513944223,
      "recall": 0.5801393728222997
    },
    "생활문화": {
      "f1": 0.7785388127853882,
      "precision": 0.7478070175438597,
      "recall": 0.8119047619047619
    },
    "세계": {
      "f1": 0.6771300448430493,
      "precision": 0.722488038277512,
      "recall": 0.6371308016877637
    },
    "스포츠": {
      "f1": 0.9310344827586207,
      "precision": 0.9043062200956937,
      "recall": 0.9593908629441624
    },
    "정치": {
      "f1": 0.48372093023255813,
      "precision": 0.3644859813084112,
      "recall": 0.7188940092165899
    }
  },
  "correct_predictions": 2008,
  "total_samples": 3050,
  "total_time_seconds": 13614.315126895905,
  "average_time_per_sample": 4.463709877670788,
  "samples_per_second": 0.22402889690532726,
  "is_intermediate": true,
  "timestamp": "20250716_100840"
}