{
  "accuracy": 0.656,
  "macro_f1": 0.7159856085708209,
  "macro_precision": 0.7064273345698455,
  "macro_recall": 0.7613279130717897,
  "per_class_metrics": {
    "IT과학": {
      "f1": 0.694300518134715,
      "precision": 0.6568627450980392,
      "recall": 0.7362637362637363
    },
    "경제": {
      "f1": 0.7492625368731564,
      "precision": 0.6479591836734694,
      "recall": 0.8881118881118881
    },
    "사회": {
      "f1": 0.689873417721519,
      "precision": 0.8825910931174089,
      "recall": 0.5662337662337662
    },
    "생활문화": {
      "f1": 0.7847222222222222,
      "precision": 0.7558528428093646,
      "recall": 0.8158844765342961
    },
    "세계": {
      "f1": 0.6690647482014388,
      "precision": 0.7265625,
      "recall": 0.62
    },
    "스포츠": {
      "f1": 0.9416058394160584,
      "precision": 0.9148936170212766,
      "recall": 0.9699248120300752
    },
    "정치": {
      "f1": 0.48306997742663654,
      "precision": 0.3602693602693603,
      "recall": 0.7328767123287672
    }
  },
  "correct_predictions": 1312,
  "total_samples": 2000,
  "total_time_seconds": 8948.361096382141,
  "average_time_per_sample": 4.474180548191071,
  "samples_per_second": 0.22350461480690673,
  "is_intermediate": true,
  "timestamp": "20250716_085054"
}