{
  "accuracy": 0.6533333333333333,
  "macro_f1": 0.714422965547864,
  "macro_precision": 0.7002642218613436,
  "macro_recall": 0.7621990467537164,
  "per_class_metrics": {
    "IT과학": {
      "f1": 0.6744186046511628,
      "precision": 0.6444444444444445,
      "recall": 0.7073170731707317
    },
    "경제": {
      "f1": 0.7386759581881533,
      "precision": 0.6385542168674698,
      "recall": 0.8760330578512396
    },
    "사회": {
      "f1": 0.7044247787610619,
      "precision": 0.9004524886877828,
      "recall": 0.5784883720930233
    },
    "생활문화": {
      "f1": 0.7941176470588235,
      "precision": 0.7659574468085106,
      "recall": 0.8244274809160306
    },
    "세계": {
      "f1": 0.6870229007633588,
      "precision": 0.7142857142857143,
      "recall": 0.6617647058823529
    },
    "스포츠": {
      "f1": 0.9152542372881356,
      "precision": 0.8709677419354839,
      "recall": 0.9642857142857143
    },
    "정치": {
      "f1": 0.48704663212435234,
      "precision": 0.3671875,
      "recall": 0.7230769230769231
    }
  },
  "correct_predictions": 588,
  "total_samples": 900,
  "total_time_seconds": 3996.4582257270813,
  "average_time_per_sample": 4.440509139696757,
  "samples_per_second": 0.2251994013615047,
  "is_intermediate": true,
  "timestamp": "20250716_072822"
}