{
  "accuracy": 0.6893598330954211,
  "macro_f1": 0.7505416774732989,
  "macro_precision": 0.7444745843684848,
  "macro_recall": 0.7821572926217705,
  "per_class_metrics": {
    "IT과학": {
      "f1": 0.7478753541076487,
      "precision": 0.7471698113207547,
      "recall": 0.7485822306238186
    },
    "경제": {
      "f1": 0.7735593220338983,
      "precision": 0.690260133091349,
      "recall": 0.8797224363916731
    },
    "사회": {
      "f1": 0.7399126637554585,
      "precision": 0.8850814876723778,
      "recall": 0.6356542617046819
    },
    "생활문화": {
      "f1": 0.823443756825628,
      "precision": 0.8044096728307255,
      "recall": 0.843400447427293
    },
    "세계": {
      "f1": 0.7146171693735499,
      "precision": 0.7661691542288557,
      "recall": 0.6695652173913044
    },
    "스포츠": {
      "f1": 0.9399477806788512,
      "precision": 0.9246575342465754,
      "recall": 0.9557522123893806
    },
    "정치": {
      "f1": 0.5144356955380578,
      "precision": 0.39357429718875503,
      "recall": 0.7424242424242424
    }
  },
  "correct_predictions": 6278,
  "total_samples": 9107,
  "total_time_seconds": 40819.08610701561,
  "average_time_per_sample": 4.482166037884661,
  "samples_per_second": 0.22310641585958418
}