{
  "accuracy": 0.6630769230769231,
  "macro_f1": 0.7194265523721821,
  "macro_precision": 0.7071613350719704,
  "macro_recall": 0.7634153130655644,
  "per_class_metrics": {
    "IT과학": {
      "f1": 0.7104247104247104,
      "precision": 0.6715328467153284,
      "recall": 0.7540983606557377
    },
    "경제": {
      "f1": 0.7632743362831859,
      "precision": 0.6673114119922631,
      "recall": 0.8914728682170543
    },
    "사회": {
      "f1": 0.6957590657652121,
      "precision": 0.8788819875776398,
      "recall": 0.5757884028484231
    },
    "생활문화": {
      "f1": 0.7869281045751634,
      "precision": 0.7659033078880407,
      "recall": 0.8091397849462365
    },
    "세계": {
      "f1": 0.6666666666666666,
      "precision": 0.7052023121387283,
      "recall": 0.6321243523316062
    },
    "스포츠": {
      "f1": 0.9291784702549575,
      "precision": 0.8961748633879781,
      "recall": 0.9647058823529412
    },
    "정치": {
      "f1": 0.48375451263537905,
      "precision": 0.3651226158038147,
      "recall": 0.7165775401069518
    }
  },
  "correct_predictions": 1724,
  "total_samples": 2600,
  "total_time_seconds": 11623.200098514557,
  "average_time_per_sample": 4.470461576351752,
  "samples_per_second": 0.22369054803868338,
  "is_intermediate": true,
  "timestamp": "20250716_093529"
}