{
  "accuracy": 0.6673825503355705,
  "macro_f1": 0.7281699652885013,
  "macro_precision": 0.7218789784044525,
  "macro_recall": 0.7634578734248395,
  "per_class_metrics": {
    "IT과학": {
      "f1": 0.6849673202614379,
      "precision": 0.6770025839793282,
      "recall": 0.6931216931216931
    },
    "경제": {
      "f1": 0.7454774926377787,
      "precision": 0.6548410938654841,
      "recall": 0.865234375
    },
    "사회": {
      "f1": 0.7175475687103594,
      "precision": 0.876097057305111,
      "recall": 0.6075904045828858
    },
    "생활문화": {
      "f1": 0.8089686098654708,
      "precision": 0.7836663770634231,
      "recall": 0.8359592215013901
    },
    "세계": {
      "f1": 0.7076076993583869,
      "precision": 0.7673956262425448,
      "recall": 0.6564625850340136
    },
    "스포츠": {
      "f1": 0.9341825902335457,
      "precision": 0.9166666666666666,
      "recall": 0.9523809523809523
    },
    "정치": {
      "f1": 0.49843847595252966,
      "precision": 0.37748344370860926,
      "recall": 0.7334558823529411
    }
  },
  "correct_predictions": 4972,
  "total_samples": 7450,
  "total_time_seconds": 33681.834196567535,
  "average_time_per_sample": 4.521051570009065,
  "samples_per_second": 0.22118747917710546,
  "is_intermediate": true,
  "timestamp": "20250716_154308"
}