{
  "accuracy": 0.66990990990991,
  "macro_f1": 0.732355668474062,
  "macro_precision": 0.7257244105118994,
  "macro_recall": 0.7679307666446787,
  "per_class_metrics": {
    "IT과학": {
      "f1": 0.694017094017094,
      "precision": 0.6858108108108109,
      "recall": 0.7024221453287197
    },
    "경제": {
      "f1": 0.7508493771234428,
      "precision": 0.6597014925373135,
      "recall": 0.871222076215506
    },
    "사회": {
      "f1": 0.7196581196581197,
      "precision": 0.8807531380753139,
      "recall": 0.6083815028901735
    },
    "생활문화": {
      "f1": 0.8140520896426409,
      "precision": 0.7823050058207218,
      "recall": 0.8484848484848485
    },
    "세계": {
      "f1": 0.7121588089330024,
      "precision": 0.771505376344086,
      "recall": 0.6612903225806451
    },
    "스포츠": {
      "f1": 0.9357541899441341,
      "precision": 0.9203296703296703,
      "recall": 0.9517045454545454
    },
    "정치": {
      "f1": 0.5,
      "precision": 0.37966537966537967,
      "recall": 0.7320099255583127
    }
  },
  "correct_predictions": 3718,
  "total_samples": 5550,
  "total_time_seconds": 24959.029361248016,
  "average_time_per_sample": 4.497122407432075,
  "samples_per_second": 0.22236441648716765,
  "is_intermediate": true,
  "timestamp": "20250716_131745"
}