{
  "accuracy": 0.6675555555555556,
  "macro_f1": 0.7283525667851128,
  "macro_precision": 0.721828645783626,
  "macro_recall": 0.7644105146669915,
  "per_class_metrics": {
    "IT과학": {
      "f1": 0.6888567293777135,
      "precision": 0.6839080459770115,
      "recall": 0.6938775510204082
    },
    "경제": {
      "f1": 0.744988344988345,
      "precision": 0.6527777777777778,
      "recall": 0.8675352877307275
    },
    "사회": {
      "f1": 0.7165225519981304,
      "precision": 0.8800229621125144,
      "recall": 0.604256996452503
    },
    "생활문화": {
      "f1": 0.8108108108108109,
      "precision": 0.78125,
      "recall": 0.8426966292134831
    },
    "세계": {
      "f1": 0.7055214723926381,
      "precision": 0.7615894039735099,
      "recall": 0.6571428571428571
    },
    "스포츠": {
      "f1": 0.9303944315545244,
      "precision": 0.9134396355353075,
      "recall": 0.9479905437352246
    },
    "정치": {
      "f1": 0.5013736263736264,
      "precision": 0.3798126951092612,
      "recall": 0.7373737373737373
    }
  },
  "correct_predictions": 4506,
  "total_samples": 6750,
  "total_time_seconds": 30440.54683327675,
  "average_time_per_sample": 4.509710641966926,
  "samples_per_second": 0.2217437169236753,
  "is_intermediate": true,
  "timestamp": "20250716_144906"
}