{
  "accuracy": 0.6687301587301587,
  "macro_f1": 0.7292204443459074,
  "macro_precision": 0.722312981617371,
  "macro_recall": 0.7652440847189794,
  "per_class_metrics": {
    "IT과학": {
      "f1": 0.6891271056661562,
      "precision": 0.6838905775075987,
      "recall": 0.6944444444444444
    },
    "경제": {
      "f1": 0.7496266799402688,
      "precision": 0.6564952048823016,
      "recall": 0.8735498839907193
    },
    "사회": {
      "f1": 0.7182957393483709,
      "precision": 0.8823891625615764,
      "recall": 0.6056635672020287
    },
    "생활문화": {
      "f1": 0.8139167105956774,
      "precision": 0.783756345177665,
      "recall": 0.8464912280701754
    },
    "세계": {
      "f1": 0.7023411371237458,
      "precision": 0.7553956834532374,
      "recall": 0.65625
    },
    "스포츠": {
      "f1": 0.932349323493235,
      "precision": 0.9154589371980676,
      "recall": 0.949874686716792
    },
    "정치": {
      "f1": 0.49888641425389757,
      "precision": 0.3788049605411499,
      "recall": 0.7304347826086957
    }
  },
  "correct_predictions": 4213,
  "total_samples": 6300,
  "total_time_seconds": 28368.93801665306,
  "average_time_per_sample": 4.503006034389375,
  "samples_per_second": 0.22207387517649727,
  "is_intermediate": true,
  "timestamp": "20250716_141435"
}