{
  "accuracy": 0.6725,
  "macro_f1": 0.7021254403926219,
  "macro_precision": 0.6946083304788815,
  "macro_recall": 0.7319367012915399,
  "per_class_metrics": {
    "IT과학": {
      "f1": 0.6666666666666666,
      "precision": 0.7,
      "recall": 0.6363636363636364
    },
    "경제": {
      "f1": 0.7619047619047619,
      "precision": 0.6666666666666666,
      "recall": 0.8888888888888888
    },
    "사회": {
      "f1": 0.7218045112781954,
      "precision": 0.8727272727272727,
      "recall": 0.6153846153846154
    },
    "생활문화": {
      "f1": 0.8032786885245902,
      "precision": 0.7903225806451613,
      "recall": 0.8166666666666667
    },
    "세계": {
      "f1": 0.6296296296296297,
      "precision": 0.6071428571428571,
      "recall": 0.6538461538461539
    },
    "스포츠": {
      "f1": 0.9206349206349206,
      "precision": 0.90625,
      "recall": 0.9354838709677419
    },
    "정치": {
      "f1": 0.410958904109589,
      "precision": 0.3191489361702128,
      "recall": 0.5769230769230769
    }
  },
  "correct_predictions": 269,
  "total_samples": 400,
  "total_time_seconds": 1708.9509983062744,
  "average_time_per_sample": 4.272377495765686,
  "samples_per_second": 0.23406171411376706,
  "is_intermediate": true,
  "timestamp": "20250716_065015"
}