{
  "accuracy": 0.6795092024539877,
  "macro_f1": 0.7401192668797595,
  "macro_precision": 0.7337034358128783,
  "macro_recall": 0.7737834216638829,
  "per_class_metrics": {
    "IT과학": {
      "f1": 0.7216721672167217,
      "precision": 0.7145969498910676,
      "recall": 0.7288888888888889
    },
    "경제": {
      "f1": 0.7622670216812476,
      "precision": 0.6761133603238867,
      "recall": 0.8735832606800349
    },
    "사회": {
      "f1": 0.7299806576402321,
      "precision": 0.8805412972468503,
      "recall": 0.6233894945490585
    },
    "생활문화": {
      "f1": 0.8179975678962302,
      "precision": 0.7963693764798737,
      "recall": 0.8408333333333333
    },
    "세계": {
      "f1": 0.7078260869565217,
      "precision": 0.7650375939849624,
      "recall": 0.6585760517799353
    },
    "스포츠": {
      "f1": 0.9343936381709742,
      "precision": 0.91796875,
      "recall": 0.951417004048583
    },
    "정치": {
      "f1": 0.5066977285963891,
      "precision": 0.3852967227635075,
      "recall": 0.7397959183673469
    }
  },
  "correct_predictions": 5538,
  "total_samples": 8150,
  "total_time_seconds": 36665.755120277405,
  "average_time_per_sample": 4.498865658929743,
  "samples_per_second": 0.22227825318924835,
  "is_intermediate": true,
  "timestamp": "20250716_163252"
}