{
  "accuracy": 0.6893406593406594,
  "macro_f1": 0.750414770210225,
  "macro_precision": 0.7443721433201487,
  "macro_recall": 0.7820058584955962,
  "per_class_metrics": {
    "IT과학": {
      "f1": 0.7473982970671712,
      "precision": 0.7466918714555766,
      "recall": 0.7481060606060606
    },
    "경제": {
      "f1": 0.7732518669382213,
      "precision": 0.6898849182313749,
      "recall": 0.8795366795366796
    },
    "사회": {
      "f1": 0.7399510660608178,
      "precision": 0.8850334448160535,
      "recall": 0.6357357357357357
    },
    "생활문화": {
      "f1": 0.8237436270939549,
      "precision": 0.804982206405694,
      "recall": 0.843400447427293
    },
    "세계": {
      "f1": 0.7141750580945004,
      "precision": 0.7657807308970099,
      "recall": 0.6690856313497823
    },
    "스포츠": {
      "f1": 0.9399477806788512,
      "precision": 0.9246575342465754,
      "recall": 0.9557522123893806
    },
    "정치": {
      "f1": 0.5144356955380578,
      "precision": 0.39357429718875503,
      "recall": 0.7424242424242424
    }
  },
  "correct_predictions": 6273,
  "total_samples": 9100,
  "total_time_seconds": 40783.275812625885,
  "average_time_per_sample": 4.481678660728119,
  "samples_per_second": 0.22313067841359566,
  "is_intermediate": true,
  "timestamp": "20250716_174129"
}