{
  "accuracy": 0.655483870967742,
  "macro_f1": 0.7142441599784203,
  "macro_precision": 0.7023472524275737,
  "macro_recall": 0.7623564948719092,
  "per_class_metrics": {
    "IT과학": {
      "f1": 0.6758620689655173,
      "precision": 0.6363636363636364,
      "recall": 0.7205882352941176
    },
    "경제": {
      "f1": 0.7504990019960079,
      "precision": 0.6550522648083623,
      "recall": 0.8785046728971962
    },
    "사회": {
      "f1": 0.690982776089159,
      "precision": 0.8903394255874674,
      "recall": 0.5645695364238411
    },
    "생활문화": {
      "f1": 0.7878787878787878,
      "precision": 0.7398373983739838,
      "recall": 0.8425925925925926
    },
    "세계": {
      "f1": 0.6790697674418604,
      "precision": 0.7227722772277227,
      "recall": 0.6403508771929824
    },
    "스포츠": {
      "f1": 0.9406392694063926,
      "precision": 0.9196428571428571,
      "recall": 0.9626168224299065
    },
    "정치": {
      "f1": 0.47477744807121663,
      "precision": 0.3524229074889868,
      "recall": 0.7272727272727273
    }
  },
  "correct_predictions": 1016,
  "total_samples": 1550,
  "total_time_seconds": 6898.823342323303,
  "average_time_per_sample": 4.450853769240841,
  "samples_per_second": 0.22467599517891257,
  "is_intermediate": true,
  "timestamp": "20250716_081645"
}