{
  "accuracy": 0.6726451612903226,
  "macro_f1": 0.7331505488992552,
  "macro_precision": 0.7266437130434659,
  "macro_recall": 0.7681284413266436,
  "per_class_metrics": {
    "IT과학": {
      "f1": 0.697560975609756,
      "precision": 0.6875,
      "recall": 0.7079207920792079
    },
    "경제": {
      "f1": 0.7539140907266159,
      "precision": 0.6654854712969526,
      "recall": 0.8694444444444445
    },
    "사회": {
      "f1": 0.7237669981733307,
      "precision": 0.8791913214990138,
      "recall": 0.615039668851328
    },
    "생활문화": {
      "f1": 0.8120430107526881,
      "precision": 0.7879799666110183,
      "recall": 0.8376220053238687
    },
    "세계": {
      "f1": 0.7067264573991031,
      "precision": 0.7680311890838206,
      "recall": 0.654485049833887
    },
    "스포츠": {
      "f1": 0.9347150259067357,
      "precision": 0.9166666666666666,
      "recall": 0.9534883720930233
    },
    "정치": {
      "f1": 0.5033272837265578,
      "precision": 0.381651376146789,
      "recall": 0.738898756660746
    }
  },
  "correct_predictions": 5213,
  "total_samples": 7750,
  "total_time_seconds": 34989.89801979065,
  "average_time_per_sample": 4.514825550940729,
  "samples_per_second": 0.2214925003672923,
  "is_intermediate": true,
  "timestamp": "20250716_160456"
}