{
  "accuracy": 0.6683076923076923,
  "macro_f1": 0.729390770916451,
  "macro_precision": 0.7226394180918222,
  "macro_recall": 0.7654447244995964,
  "per_class_metrics": {
    "IT과학": {
      "f1": 0.6904761904761905,
      "precision": 0.6843657817109144,
      "recall": 0.6966966966966966
    },
    "경제": {
      "f1": 0.7474551623848764,
      "precision": 0.6544991511035654,
      "recall": 0.8711864406779661
    },
    "사회": {
      "f1": 0.7173754556500608,
      "precision": 0.8817204301075269,
      "recall": 0.6046702171241295
    },
    "생활문화": {
      "f1": 0.813421453990849,
      "precision": 0.7835455435847208,
      "recall": 0.8456659619450317
    },
    "세계": {
      "f1": 0.7039827771797632,
      "precision": 0.7587006960556845,
      "recall": 0.6566265060240963
    },
    "스포츠": {
      "f1": 0.9312424607961399,
      "precision": 0.9146919431279621,
      "recall": 0.9484029484029484
    },
    "정치": {
      "f1": 0.5017818959372773,
      "precision": 0.38095238095238093,
      "recall": 0.7348643006263048
    }
  },
  "correct_predictions": 4344,
  "total_samples": 6500,
  "total_time_seconds": 29318.804431438446,
  "average_time_per_sample": 4.5105852971443765,
  "samples_per_second": 0.22170071822676624,
  "is_intermediate": true,
  "timestamp": "20250716_143025"
}