{
  "accuracy": 0.658918918918919,
  "macro_f1": 0.7181314296035382,
  "macro_precision": 0.7087228904241071,
  "macro_recall": 0.7636077905733624,
  "per_class_metrics": {
    "IT과학": {
      "f1": 0.6888888888888889,
      "precision": 0.6526315789473685,
      "recall": 0.7294117647058823
    },
    "경제": {
      "f1": 0.7579617834394905,
      "precision": 0.6592797783933518,
      "recall": 0.8913857677902621
    },
    "사회": {
      "f1": 0.6879861711322386,
      "precision": 0.8824833702882483,
      "recall": 0.5637393767705382
    },
    "생활문화": {
      "f1": 0.7874306839186691,
      "precision": 0.75,
      "recall": 0.8287937743190662
    },
    "세계": {
      "f1": 0.6795366795366795,
      "precision": 0.7394957983193278,
      "recall": 0.6285714285714286
    },
    "스포츠": {
      "f1": 0.9425287356321839,
      "precision": 0.917910447761194,
      "recall": 0.968503937007874
    },
    "정치": {
      "f1": 0.48258706467661694,
      "precision": 0.3592592592592593,
      "recall": 0.7348484848484849
    }
  },
  "correct_predictions": 1219,
  "total_samples": 1850,
  "total_time_seconds": 8218.149859905243,
  "average_time_per_sample": 4.442243167516348,
  "samples_per_second": 0.22511149486647727,
  "is_intermediate": true,
  "timestamp": "20250716_083844"
}