{
  "accuracy": 0.6603389830508475,
  "macro_f1": 0.7185262379992127,
  "macro_precision": 0.7089633282294958,
  "macro_recall": 0.7597396053879839,
  "per_class_metrics": {
    "IT과학": {
      "f1": 0.695364238410596,
      "precision": 0.6774193548387096,
      "recall": 0.7142857142857143
    },
    "경제": {
      "f1": 0.7642436149312377,
      "precision": 0.6683848797250859,
      "recall": 0.8922018348623854
    },
    "사회": {
      "f1": 0.6993464052287581,
      "precision": 0.8842975206611571,
      "recall": 0.5783783783783784
    },
    "생활문화": {
      "f1": 0.7819025522041764,
      "precision": 0.7505567928730512,
      "recall": 0.8159806295399515
    },
    "세계": {
      "f1": 0.6804597701149425,
      "precision": 0.7184466019417476,
      "recall": 0.6462882096069869
    },
    "스포츠": {
      "f1": 0.9291338582677166,
      "precision": 0.9030612244897959,
      "recall": 0.9567567567567568
    },
    "정치": {
      "f1": 0.4792332268370607,
      "precision": 0.3605769230769231,
      "recall": 0.7142857142857143
    }
  },
  "correct_predictions": 1948,
  "total_samples": 2950,
  "total_time_seconds": 13151.417346000671,
  "average_time_per_sample": 4.4581075749154815,
  "samples_per_second": 0.22431042391769973,
  "is_intermediate": true,
  "timestamp": "20250716_100057"
}