{
  "accuracy": 0.6667469879518072,
  "macro_f1": 0.7277789182427751,
  "macro_precision": 0.7198647325175651,
  "macro_recall": 0.767553601146967,
  "per_class_metrics": {
    "IT과학": {
      "f1": 0.6962616822429907,
      "precision": 0.6834862385321101,
      "recall": 0.7095238095238096
    },
    "경제": {
      "f1": 0.7554904831625183,
      "precision": 0.6623876765083441,
      "recall": 0.879045996592845
    },
    "사회": {
      "f1": 0.7141768292682927,
      "precision": 0.8881516587677725,
      "recall": 0.5971956660293181
    },
    "생활문화": {
      "f1": 0.7960526315789473,
      "precision": 0.764612954186414,
      "recall": 0.8301886792452831
    },
    "세계": {
      "f1": 0.6998341625207297,
      "precision": 0.7562724014336918,
      "recall": 0.6512345679012346
    },
    "스포츠": {
      "f1": 0.9320754716981132,
      "precision": 0.9080882352941176,
      "recall": 0.9573643410852714
    },
    "정치": {
      "f1": 0.500561167227834,
      "precision": 0.3760539629005059,
      "recall": 0.7483221476510067
    }
  },
  "correct_predictions": 2767,
  "total_samples": 4150,
  "total_time_seconds": 18538.850061893463,
  "average_time_per_sample": 4.467192785998425,
  "samples_per_second": 0.2238542296930439,
  "is_intermediate": true,
  "timestamp": "20250716_113045"
}