{
  "accuracy": 0.6628070175438596,
  "macro_f1": 0.7204503482971304,
  "macro_precision": 0.7098866357216036,
  "macro_recall": 0.7623695830873524,
  "per_class_metrics": {
    "IT과학": {
      "f1": 0.7010309278350515,
      "precision": 0.6754966887417219,
      "recall": 0.7285714285714285
    },
    "경제": {
      "f1": 0.7616099071207431,
      "precision": 0.6660649819494585,
      "recall": 0.8891566265060241
    },
    "사회": {
      "f1": 0.7011817670230726,
      "precision": 0.8836879432624114,
      "recall": 0.5811567164179104
    },
    "생활문화": {
      "f1": 0.7857988165680473,
      "precision": 0.7562642369020501,
      "recall": 0.8177339901477833
    },
    "세계": {
      "f1": 0.680952380952381,
      "precision": 0.7222222222222222,
      "recall": 0.6441441441441441
    },
    "스포츠": {
      "f1": 0.9308510638297872,
      "precision": 0.9020618556701031,
      "recall": 0.9615384615384616
    },
    "정치": {
      "f1": 0.48172757475083056,
      "precision": 0.3634085213032581,
      "recall": 0.7142857142857143
    }
  },
  "correct_predictions": 1889,
  "total_samples": 2850,
  "total_time_seconds": 12715.961504459381,
  "average_time_per_sample": 4.461740878757678,
  "samples_per_second": 0.22412776249759242,
  "is_intermediate": true,
  "timestamp": "20250716_095342"
}