{
  "accuracy": 0.6646153846153846,
  "macro_f1": 0.7179736792497314,
  "macro_precision": 0.7115591964970848,
  "macro_recall": 0.7546926043942278,
  "per_class_metrics": {
    "IT과학": {
      "f1": 0.7142857142857143,
      "precision": 0.7692307692307693,
      "recall": 0.6666666666666666
    },
    "경제": {
      "f1": 0.7428571428571429,
      "precision": 0.65,
      "recall": 0.8666666666666667
    },
    "사회": {
      "f1": 0.7061728395061728,
      "precision": 0.8881987577639752,
      "recall": 0.5860655737704918
    },
    "생활문화": {
      "f1": 0.8246445497630331,
      "precision": 0.7909090909090909,
      "recall": 0.8613861386138614
    },
    "세계": {
      "f1": 0.6736842105263158,
      "precision": 0.6666666666666666,
      "recall": 0.6808510638297872
    },
    "스포츠": {
      "f1": 0.9130434782608695,
      "precision": 0.875,
      "recall": 0.9545454545454546
    },
    "정치": {
      "f1": 0.45112781954887216,
      "precision": 0.3409090909090909,
      "recall": 0.6666666666666666
    }
  },
  "correct_predictions": 432,
  "total_samples": 650,
  "total_time_seconds": 2837.984735250473,
  "average_time_per_sample": 4.366130361923805,
  "samples_per_second": 0.22903576327468608,
  "is_intermediate": true,
  "timestamp": "20250716_070904"
}