{
  "accuracy": 0.6638461538461539,
  "macro_f1": 0.7249937257801323,
  "macro_precision": 0.7177831066125769,
  "macro_recall": 0.7649748893924846,
  "per_class_metrics": {
    "IT과학": {
      "f1": 0.6956521739130435,
      "precision": 0.6824644549763034,
      "recall": 0.7093596059113301
    },
    "경제": {
      "f1": 0.7513555383423702,
      "precision": 0.6554054054054054,
      "recall": 0.8802177858439202
    },
    "사회": {
      "f1": 0.7078559738134206,
      "precision": 0.8835546475995915,
      "recall": 0.590443686006826
    },
    "생활문화": {
      "f1": 0.7933450087565674,
      "precision": 0.7639123102866779,
      "recall": 0.825136612021858
    },
    "세계": {
      "f1": 0.6936619718309859,
      "precision": 0.7547892720306514,
      "recall": 0.6416938110749185
    },
    "스포츠": {
      "f1": 0.9306930693069307,
      "precision": 0.9073359073359073,
      "recall": 0.9552845528455285
    },
    "정치": {
      "f1": 0.5023923444976076,
      "precision": 0.3770197486535009,
      "recall": 0.7526881720430108
    }
  },
  "correct_predictions": 2589,
  "total_samples": 3900,
  "total_time_seconds": 17362.205980539322,
  "average_time_per_sample": 4.451847687317775,
  "samples_per_second": 0.22462583408878867,
  "is_intermediate": true,
  "timestamp": "20250716_111108"
}