{
  "accuracy": 0.6722330097087379,
  "macro_f1": 0.7355213967210946,
  "macro_precision": 0.7279225001079792,
  "macro_recall": 0.7728870783568007,
  "per_class_metrics": {
    "IT과학": {
      "f1": 0.7056603773584905,
      "precision": 0.6925925925925925,
      "recall": 0.7192307692307692
    },
    "경제": {
      "f1": 0.7556094602789569,
      "precision": 0.6663101604278074,
      "recall": 0.8725490196078431
    },
    "사회": {
      "f1": 0.7200492762550046,
      "precision": 0.8835978835978836,
      "recall": 0.6075883575883576
    },
    "생활문화": {
      "f1": 0.8116883116883117,
      "precision": 0.7802746566791511,
      "recall": 0.8457374830852503
    },
    "세계": {
      "f1": 0.713903743315508,
      "precision": 0.7739130434782608,
      "recall": 0.6625310173697271
    },
    "스포츠": {
      "f1": 0.9394387001477105,
      "precision": 0.9190751445086706,
      "recall": 0.9607250755287009
    },
    "정치": {
      "f1": 0.5022999080036799,
      "precision": 0.3796940194714882,
      "recall": 0.7418478260869565
    }
  },
  "correct_predictions": 3462,
  "total_samples": 5150,
  "total_time_seconds": 23061.497301340103,
  "average_time_per_sample": 4.477960641036913,
  "samples_per_second": 0.22331594226974733,
  "is_intermediate": true,
  "timestamp": "20250716_124607"
}