{
  "accuracy": 0.658125,
  "macro_f1": 0.7164211425401846,
  "macro_precision": 0.7045062290456097,
  "macro_recall": 0.7640248010841282,
  "per_class_metrics": {
    "IT과학": {
      "f1": 0.68,
      "precision": 0.6375,
      "recall": 0.7285714285714285
    },
    "경제": {
      "f1": 0.7537878787878788,
      "precision": 0.6567656765676567,
      "recall": 0.8844444444444445
    },
    "사회": {
      "f1": 0.6929133858267716,
      "precision": 0.8888888888888888,
      "recall": 0.567741935483871
    },
    "생활문화": {
      "f1": 0.791578947368421,
      "precision": 0.746031746031746,
      "recall": 0.8430493273542601
    },
    "세계": {
      "f1": 0.6785714285714286,
      "precision": 0.7307692307692307,
      "recall": 0.6333333333333333
    },
    "스포츠": {
      "f1": 0.9369369369369369,
      "precision": 0.9122807017543859,
      "recall": 0.9629629629629629
    },
    "정치": {
      "f1": 0.4811594202898551,
      "precision": 0.3593073593073593,
      "recall": 0.7280701754385965
    }
  },
  "correct_predictions": 1053,
  "total_samples": 1600,
  "total_time_seconds": 7111.34482717514,
  "average_time_per_sample": 4.444590516984463,
  "samples_per_second": 0.22499260532069748,
  "is_intermediate": true,
  "timestamp": "20250716_082017"
}