{
  "accuracy": 0.676875,
  "macro_f1": 0.7374055026114915,
  "macro_precision": 0.7310711026647342,
  "macro_recall": 0.7716083140068912,
  "per_class_metrics": {
    "IT과학": {
      "f1": 0.7098265895953757,
      "precision": 0.7009132420091324,
      "recall": 0.7189695550351288
    },
    "경제": {
      "f1": 0.7601390498261877,
      "precision": 0.6730506155950753,
      "recall": 0.8731144631765749
    },
    "사회": {
      "f1": 0.7267350157728707,
      "precision": 0.8788745827372437,
      "recall": 0.6194957983193278
    },
    "생활문화": {
      "f1": 0.816006600660066,
      "precision": 0.7943775100401607,
      "recall": 0.8388464800678541
    },
    "세계": {
      "f1": 0.7077464788732394,
      "precision": 0.768642447418738,
      "recall": 0.6557911908646004
    },
    "스포츠": {
      "f1": 0.934010152284264,
      "precision": 0.9163346613545816,
      "recall": 0.9523809523809523
    },
    "정치": {
      "f1": 0.5073746312684366,
      "precision": 0.38530465949820786,
      "recall": 0.7426597582037997
    }
  },
  "correct_predictions": 5415,
  "total_samples": 8000,
  "total_time_seconds": 36041.51824617386,
  "average_time_per_sample": 4.505189780771732,
  "samples_per_second": 0.22196623198161955,
  "is_intermediate": true,
  "timestamp": "20250716_162227"
}