{
  "accuracy": 0.6808484848484848,
  "macro_f1": 0.7420261363572459,
  "macro_precision": 0.7356487630117556,
  "macro_recall": 0.7756654985942274,
  "per_class_metrics": {
    "IT과학": {
      "f1": 0.7262931034482759,
      "precision": 0.7185501066098081,
      "recall": 0.7342047930283224
    },
    "경제": {
      "f1": 0.7625468164794007,
      "precision": 0.6773120425815037,
      "recall": 0.8723221936589546
    },
    "사회": {
      "f1": 0.7311004784688995,
      "precision": 0.8818097876269622,
      "recall": 0.6243870545930043
    },
    "생활문화": {
      "f1": 0.8193158953722334,
      "precision": 0.7978056426332288,
      "recall": 0.8420181968569065
    },
    "세계": {
      "f1": 0.7107296137339055,
      "precision": 0.7680890538033395,
      "recall": 0.6613418530351438
    },
    "스포츠": {
      "f1": 0.9352941176470588,
      "precision": 0.9190751445086706,
      "recall": 0.9520958083832335
    },
    "정치": {
      "f1": 0.5089029293509477,
      "precision": 0.3868995633187773,
      "recall": 0.7432885906040269
    }
  },
  "correct_predictions": 5617,
  "total_samples": 8250,
  "total_time_seconds": 37093.30308485031,
  "average_time_per_sample": 4.4961579496788255,
  "samples_per_second": 0.2224121152308346,
  "is_intermediate": true,
  "timestamp": "20250716_163959"
}