{
  "accuracy": 0.6933333333333334,
  "macro_f1": 0.6849917346557884,
  "macro_precision": 0.6785356545465658,
  "macro_recall": 0.721423557981545,
  "per_class_metrics": {
    "IT과학": {
      "f1": 0.5,
      "precision": 0.5,
      "recall": 0.5
    },
    "경제": {
      "f1": 0.8,
      "precision": 0.7317073170731707,
      "recall": 0.8823529411764706
    },
    "사회": {
      "f1": 0.6947368421052632,
      "precision": 0.868421052631579,
      "recall": 0.5789473684210527
    },
    "생활문화": {
      "f1": 0.9361702127659575,
      "precision": 0.9166666666666666,
      "recall": 0.9565217391304348
    },
    "세계": {
      "f1": 0.6666666666666666,
      "precision": 0.5454545454545454,
      "recall": 0.8571428571428571
    },
    "스포츠": {
      "f1": 0.9473684210526315,
      "precision": 1.0,
      "recall": 0.9
    },
    "정치": {
      "f1": 0.25,
      "precision": 0.1875,
      "recall": 0.375
    }
  },
  "correct_predictions": 104,
  "total_samples": 150,
  "total_time_seconds": 623.442093372345,
  "average_time_per_sample": 4.1562806224823,
  "samples_per_second": 0.24059973106502114,
  "is_intermediate": true,
  "timestamp": "20250716_063209"
}