{
  "total_samples": 5000,
  "total_entities": 14257,
  "predicted_entities": 14869,
  "correct_entities": 4535,
  "precision": 0.30499697356917077,
  "recall": 0.31808935961282175,
  "f1": 0.3114056169745245,
  "total_time": 20442.533488035202,
  "average_time_per_sample": 4.08850669760704,
  "samples_per_second": 0.24458807920879508
}