{
  "total_samples": 5000,
  "total_entities": 14257,
  "predicted_entities": 14934,
  "correct_entities": 4620,
  "precision": 0.30936118923262357,
  "recall": 0.32405134319983164,
  "f1": 0.3165359186050495,
  "total_time": 22145.61574602127,
  "average_time_per_sample": 4.429123149204254,
  "samples_per_second": 0.22577832368008602
}