{
  "samples_processed": 3800,
  "exact_match": 0.8663157894736843,
  "f1_score": 0.8945577661073012,
  "rouge_w": 0.8629572920915796,
  "lccs_f1": 0.8224051226551219,
  "timestamp": "20250715_212500"
}