{
  "samples_processed": 50,
  "exact_match": 0.88,
  "f1_score": 0.8959999999999999,
  "rouge_w": 0.885,
  "lccs_f1": 0.8233333333333333,
  "timestamp": "20250715_181624"
}