{
  "samples_processed": 2750,
  "exact_match": 0.8592727272727273,
  "f1_score": 0.8886472678836315,
  "timestamp": "20250714_113917"
}