{
  "samples_processed": 2200,
  "exact_match": 0.8636363636363636,
  "f1_score": 0.893434539020101,
  "rouge_w": 0.8675791711259624,
  "lccs_f1": 0.8287056033687051,
  "timestamp": "20250715_200710"
}