{
  "samples_processed": 3850,
  "exact_match": 0.8631168831168832,
  "f1_score": 0.892563644148059,
  "timestamp": "20250714_123125"
}