{
  "samples_processed": 4450,
  "exact_match": 0.8685393258426967,
  "f1_score": 0.8963368261319343,
  "rouge_w": 0.8641469000143814,
  "lccs_f1": 0.8247192994271634,
  "timestamp": "20250715_215612"
}