{
  "samples_processed": 1850,
  "exact_match": 0.8594594594594595,
  "f1_score": 0.8904762294762295,
  "timestamp": "20250714_105248"
}