{
  "samples_processed": 4050,
  "exact_match": 0.8654320987654321,
  "f1_score": 0.8938045432337365,
  "rouge_w": 0.8611208442838794,
  "lccs_f1": 0.8209819933153257,
  "timestamp": "20250715_213617"
}