{
  "samples_processed": 4550,
  "exact_match": 0.8652747252747253,
  "f1_score": 0.8936225776665327,
  "timestamp": "20250714_130444"
}