{
  "samples_processed": 1250,
  "exact_match": 0.8728,
  "f1_score": 0.902850669330669,
  "rouge_w": 0.8750591170920581,
  "lccs_f1": 0.8350262130026829,
  "timestamp": "20250715_191925"
}