{
  "samples_processed": 2900,
  "exact_match": 0.8579310344827586,
  "f1_score": 0.888540991575474,
  "timestamp": "20250714_114548"
}