{
  "total_samples": 10,
  "answerable_samples": 8,
  "impossible_samples": 2,
  "exact_match": 0.2,
  "f1_score": 0.2,
  "impossible_accuracy": 1.0,
  "total_time": 18.211585998535156,
  "average_time_per_sample": 1.8211585998535156,
  "samples_per_second": 0.5491009954215051
}