{
  "samples_processed": 2750,
  "exact_match": 0.864,
  "f1_score": 0.8925236107920603,
  "rouge_w": 0.8652449689941667,
  "lccs_f1": 0.8252516856880499,
  "timestamp": "20250715_203451"
}