{
  "samples_processed": 2150,
  "exact_match": 0.8567441860465116,
  "f1_score": 0.8868128796268334,
  "timestamp": "20250714_110930"
}