{
  "samples_processed": 2250,
  "exact_match": 0.8653333333333333,
  "f1_score": 0.8950619196344691,
  "rouge_w": 0.8699774117676078,
  "lccs_f1": 0.8308380714419932,
  "timestamp": "20250715_200925"
}