{
  "samples_processed": 4650,
  "exact_match": 0.8655913978494624,
  "f1_score": 0.894010622591267,
  "timestamp": "20250714_130931"
}