{
  "samples_processed": 4500,
  "exact_match": 0.8686666666666667,
  "f1_score": 0.8963034539897277,
  "rouge_w": 0.8639467228184544,
  "lccs_f1": 0.8245451696451684,
  "timestamp": "20250715_215853"
}