{
  "samples_processed": 3100,
  "exact_match": 0.863225806451613,
  "f1_score": 0.8923695113657164,
  "rouge_w": 0.8628343960312648,
  "lccs_f1": 0.8226282874831263,
  "timestamp": "20250715_205136"
}