{
  "samples_processed": 5800,
  "exact_match": 0.8691379310344828,
  "f1_score": 0.8967068147651317,
  "rouge_w": 0.8607027647433325,
  "lccs_f1": 0.8229477313873863,
  "timestamp": "20250715_230325"
}