{
  "samples_processed": 2300,
  "exact_match": 0.8656521739130435,
  "f1_score": 0.8947344865989372,
  "rouge_w": 0.8711663086132394,
  "lccs_f1": 0.8305155046715151,
  "timestamp": "20250715_201138"
}