{
  "samples_processed": 1050,
  "exact_match": 0.8666666666666667,
  "f1_score": 0.8989333365047646,
  "rouge_w": 0.8700061295691546,
  "lccs_f1": 0.830856602780972,
  "timestamp": "20250715_190849"
}