{
  "samples_processed": 1450,
  "exact_match": 0.8737931034482759,
  "f1_score": 0.9016326738395704,
  "rouge_w": 0.8743101310454249,
  "lccs_f1": 0.8344270856481806,
  "timestamp": "20250715_192823"
}