{
  "samples_processed": 1350,
  "exact_match": 0.8592592592592593,
  "f1_score": 0.8900188659077545,
  "timestamp": "20250714_102821"
}