{
  "samples_processed": 3050,
  "exact_match": 0.8577049180327869,
  "f1_score": 0.8883877088303315,
  "timestamp": "20250714_115244"
}