{
  "samples_processed": 3550,
  "exact_match": 0.8605633802816901,
  "f1_score": 0.889935158737975,
  "timestamp": "20250714_121711"
}