{
  "samples_processed": 2100,
  "exact_match": 0.8561904761904762,
  "f1_score": 0.8864671545385833,
  "timestamp": "20250714_110649"
}