{
  "samples_processed": 4750,
  "exact_match": 0.8682105263157894,
  "f1_score": 0.8963072594416243,
  "rouge_w": 0.8637565444245004,
  "lccs_f1": 0.8245643233959009,
  "timestamp": "20250715_221129"
}