{
  "samples_processed": 1950,
  "exact_match": 0.8584615384615385,
  "f1_score": 0.8891184741184742,
  "timestamp": "20250714_105855"
}