{
  "samples_processed": 5500,
  "exact_match": 0.8663636363636363,
  "f1_score": 0.8941530842894481,
  "timestamp": "20250714_135013"
}