{
  "samples_processed": 2550,
  "exact_match": 0.864313725490196,
  "f1_score": 0.8927890552354222,
  "rouge_w": 0.8678372627628678,
  "lccs_f1": 0.8279794628029926,
  "timestamp": "20250715_202438"
}