{
  "samples_processed": 4350,
  "exact_match": 0.8673563218390805,
  "f1_score": 0.8954863317135114,
  "rouge_w": 0.8629108134246739,
  "lccs_f1": 0.8230729997971367,
  "timestamp": "20250715_215054"
}