{
  "samples_processed": 2850,
  "exact_match": 0.8631578947368421,
  "f1_score": 0.8928210279572509,
  "rouge_w": 0.865543391134722,
  "lccs_f1": 0.825277942330574,
  "timestamp": "20250715_203904"
}