{
  "samples_processed": 1200,
  "exact_match": 0.8741666666666666,
  "f1_score": 0.903691669441669,
  "rouge_w": 0.8761627707804174,
  "lccs_f1": 0.8362356385444614,
  "timestamp": "20250715_191718"
}