{
  "samples_processed": 5050,
  "exact_match": 0.8677227722772277,
  "f1_score": 0.895808272617824,
  "rouge_w": 0.8631304430755504,
  "lccs_f1": 0.8243932997695359,
  "timestamp": "20250715_222556"
}