{
  "samples_processed": 2800,
  "exact_match": 0.8628571428571429,
  "f1_score": 0.8923952129802972,
  "rouge_w": 0.864972737404985,
  "lccs_f1": 0.8246579055864773,
  "timestamp": "20250715_203702"
}