{
  "samples_processed": 900,
  "exact_match": 0.8688888888888889,
  "f1_score": 0.9009037074037072,
  "rouge_w": 0.8685009783245078,
  "lccs_f1": 0.8288141847259493,
  "timestamp": "20250715_190044"
}