{
  "samples_processed": 4750,
  "exact_match": 0.8656842105263158,
  "f1_score": 0.8944757897073681,
  "timestamp": "20250714_131454"
}