{
  "samples_processed": 3400,
  "exact_match": 0.8585294117647059,
  "f1_score": 0.8883940161146038,
  "timestamp": "20250714_120956"
}