{
  "total_samples": 10,
  "answerable_samples": 8,
  "impossible_samples": 2,
  "exact_match": 1.0,
  "f1_score": 1.0,
  "impossible_accuracy": 1.0,
  "total_time": 21.80710506439209,
  "average_time_per_sample": 2.180710506439209,
  "samples_per_second": 0.45856614027730724
}