{
  "samples_processed": 450,
  "exact_match": 0.8622222222222222,
  "f1_score": 0.9013333333333335,
  "rouge_w": 0.8863518518518518,
  "lccs_f1": 0.8409312169312169,
  "timestamp": "20250715_183744"
}