{
  "samples_processed": 4350,
  "exact_match": 0.864367816091954,
  "f1_score": 0.8933140371761052,
  "timestamp": "20250714_125436"
}