{
  "samples_processed": 5300,
  "exact_match": 0.8656603773584906,
  "f1_score": 0.8937714287808627,
  "timestamp": "20250714_134115"
}