{
  "total_samples": 10,
  "answerable_samples": 8,
  "impossible_samples": 2,
  "exact_match": 1.0,
  "f1_score": 1.0,
  "impossible_accuracy": 1.0,
  "total_time": 18.379230499267578,
  "average_time_per_sample": 1.8379230499267578,
  "samples_per_second": 0.544092419995413
}