{
  "samples_processed": 3400,
  "exact_match": 0.8632352941176471,
  "f1_score": 0.891801426562672,
  "rouge_w": 0.8606916785476472,
  "lccs_f1": 0.8210933919022151,
  "timestamp": "20250715_210624"
}