{
  "samples_processed": 700,
  "exact_match": 0.8828571428571429,
  "f1_score": 0.9142846677132391,
  "rouge_w": 0.8867371794871796,
  "lccs_f1": 0.8441894296180011,
  "timestamp": "20250715_185050"
}