{
  "samples_processed": 2650,
  "exact_match": 0.8581132075471698,
  "f1_score": 0.8876761854497702,
  "timestamp": "20250714_113416"
}