{
  "samples_processed": 5500,
  "exact_match": 0.8696363636363637,
  "f1_score": 0.8969205355547605,
  "rouge_w": 0.862161847070537,
  "lccs_f1": 0.824181480136025,
  "timestamp": "20250715_224837"
}