{
  "samples_processed": 350,
  "exact_match": 0.8628571428571429,
  "f1_score": 0.9039811616954473,
  "timestamp": "20250714_093846"
}