{
  "samples_processed": 3300,
  "exact_match": 0.8624242424242424,
  "f1_score": 0.8911388435292177,
  "rouge_w": 0.8606022488932469,
  "lccs_f1": 0.8208422537058897,
  "timestamp": "20250715_210145"
}