{
  "samples_processed": 2850,
  "exact_match": 0.8589473684210527,
  "f1_score": 0.8891976561450243,
  "timestamp": "20250714_114332"
}