{
  "samples_processed": 3350,
  "exact_match": 0.8629850746268657,
  "f1_score": 0.8914203533272891,
  "rouge_w": 0.860891767566482,
  "lccs_f1": 0.8211281902177421,
  "timestamp": "20250715_210403"
}