{
  "samples_processed": 2450,
  "exact_match": 0.8587755102040816,
  "f1_score": 0.8894728808606359,
  "timestamp": "20250714_112446"
}