{
  "samples_processed": 1950,
  "exact_match": 0.8687179487179487,
  "f1_score": 0.8977439540516466,
  "rouge_w": 0.8715216155555521,
  "lccs_f1": 0.8331950693851147,
  "timestamp": "20250715_195326"
}