{
  "samples_processed": 4550,
  "exact_match": 0.8683516483516484,
  "f1_score": 0.8959191669495474,
  "rouge_w": 0.8633868687215484,
  "lccs_f1": 0.8240703143010822,
  "timestamp": "20250715_220138"
}