{
  "samples_processed": 2400,
  "exact_match": 0.8654166666666666,
  "f1_score": 0.8944832124574774,
  "rouge_w": 0.8710103024698611,
  "lccs_f1": 0.8304013818425587,
  "timestamp": "20250715_201653"
}