{
  "samples_processed": 4250,
  "exact_match": 0.8675294117647059,
  "f1_score": 0.8957274666894037,
  "rouge_w": 0.8619720202391479,
  "lccs_f1": 0.8221985269632318,
  "timestamp": "20250715_214604"
}