{
  "samples_processed": 3450,
  "exact_match": 0.8594202898550725,
  "f1_score": 0.8894501874936651,
  "timestamp": "20250714_121232"
}