{
  "samples_processed": 2900,
  "exact_match": 0.8620689655172413,
  "f1_score": 0.8921478684713979,
  "rouge_w": 0.865363204952961,
  "lccs_f1": 0.824734836045181,
  "timestamp": "20250715_204125"
}