{
  "samples_processed": 2150,
  "exact_match": 0.8655813953488372,
  "f1_score": 0.894790159528874,
  "rouge_w": 0.8691363833005419,
  "lccs_f1": 0.8301062873894612,
  "timestamp": "20250715_200431"
}