{
  "samples_processed": 2600,
  "exact_match": 0.8638461538461538,
  "f1_score": 0.8924149067373051,
  "rouge_w": 0.8667891102738384,
  "lccs_f1": 0.8269285756978069,
  "timestamp": "20250715_202714"
}