{
  "samples_processed": 5100,
  "exact_match": 0.8649019607843137,
  "f1_score": 0.8935327733268909,
  "timestamp": "20250714_133120"
}