{
  "samples_processed": 5250,
  "exact_match": 0.8651428571428571,
  "f1_score": 0.8933946487375057,
  "timestamp": "20250714_133903"
}