{
  "samples_processed": 5550,
  "exact_match": 0.8693693693693694,
  "f1_score": 0.8969100974395096,
  "rouge_w": 0.8622226818011131,
  "lccs_f1": 0.8241498541498536,
  "timestamp": "20250715_225107"
}