{
  "samples_processed": 2650,
  "exact_match": 0.8633962264150944,
  "f1_score": 0.8917278330252805,
  "rouge_w": 0.8645540956145837,
  "lccs_f1": 0.8248984767852697,
  "timestamp": "20250715_202943"
}