{
  "samples_processed": 2000,
  "exact_match": 0.8695,
  "f1_score": 0.8981336885336889,
  "rouge_w": 0.87361274183333,
  "lccs_f1": 0.8350318593171536,
  "timestamp": "20250715_195610"
}