{
  "samples_processed": 1650,
  "exact_match": 0.8624242424242424,
  "f1_score": 0.89146324719052,
  "timestamp": "20250714_104337"
}