{
  "samples_processed": 1150,
  "exact_match": 0.8721739130434782,
  "f1_score": 0.902069568113046,
  "rouge_w": 0.8743292680607256,
  "lccs_f1": 0.8346951590608873,
  "timestamp": "20250715_191441"
}