{
  "samples_processed": 3200,
  "exact_match": 0.8628125,
  "f1_score": 0.8917399085799821,
  "rouge_w": 0.8608777655997321,
  "lccs_f1": 0.8211364312770562,
  "timestamp": "20250715_205637"
}