{
  "samples_processed": 800,
  "exact_match": 0.875,
  "f1_score": 0.9072220279720278,
  "rouge_w": 0.8760814577579282,
  "lccs_f1": 0.83512131495955,
  "timestamp": "20250715_185520"
}