{
  "samples_processed": 750,
  "exact_match": 0.8733333333333333,
  "f1_score": 0.9078547822547822,
  "timestamp": "20250714_095921"
}