{
  "samples_processed": 5600,
  "exact_match": 0.8657142857142858,
  "f1_score": 0.8936988200291776,
  "timestamp": "20250714_135440"
}