{
  "samples_processed": 3950,
  "exact_match": 0.8612658227848101,
  "f1_score": 0.8910528908503583,
  "timestamp": "20250714_123528"
}