{
  "samples_processed": 1600,
  "exact_match": 0.874375,
  "f1_score": 0.9016879440004442,
  "rouge_w": 0.8745318003075353,
  "lccs_f1": 0.8350269273210448,
  "timestamp": "20250715_193540"
}