{
  "samples_processed": 5350,
  "exact_match": 0.8693457943925234,
  "f1_score": 0.8967224504772608,
  "rouge_w": 0.8624123289259354,
  "lccs_f1": 0.8244418582455958,
  "timestamp": "20250715_224155"
}