{
  "samples_processed": 1700,
  "exact_match": 0.8611764705882353,
  "f1_score": 0.890812367371191,
  "timestamp": "20250714_104556"
}