{
  "samples_processed": 650,
  "exact_match": 0.8753846153846154,
  "f1_score": 0.9104698037005731,
  "timestamp": "20250714_095416"
}