{
  "samples_processed": 1800,
  "exact_match": 0.8722222222222222,
  "f1_score": 0.9013945745612414,
  "rouge_w": 0.8751340870458516,
  "lccs_f1": 0.8362699671425162,
  "timestamp": "20250715_194527"
}