{
  "samples_processed": 200,
  "exact_match": 0.875,
  "f1_score": 0.9082619047619049,
  "rouge_w": 0.9080416666666667,
  "lccs_f1": 0.8600952380952382,
  "timestamp": "20250715_182412"
}