{
  "samples_processed": 3650,
  "exact_match": 0.866027397260274,
  "f1_score": 0.894265560207542,
  "rouge_w": 0.8639129486623439,
  "lccs_f1": 0.8236516831722305,
  "timestamp": "20250715_211734"
}