{
  "samples_processed": 1900,
  "exact_match": 0.8689473684210526,
  "f1_score": 0.8979126545968653,
  "rouge_w": 0.8721713071929789,
  "lccs_f1": 0.8334721326145476,
  "timestamp": "20250715_195035"
}