{
  "samples_processed": 750,
  "exact_match": 0.88,
  "f1_score": 0.9133034965034964,
  "rouge_w": 0.8839687064569416,
  "lccs_f1": 0.8420203117144293,
  "timestamp": "20250715_185309"
}