{
  "samples_processed": 4000,
  "exact_match": 0.8655,
  "f1_score": 0.8937354333574915,
  "rouge_w": 0.8609265215040944,
  "lccs_f1": 0.8207526015651005,
  "timestamp": "20250715_213354"
}