{
  "samples_processed": 250,
  "exact_match": 0.856,
  "f1_score": 0.8938095238095238,
  "rouge_w": 0.896147619047619,
  "lccs_f1": 0.8499428571428572,
  "timestamp": "20250715_182711"
}