{
  "samples_processed": 2950,
  "exact_match": 0.8627118644067797,
  "f1_score": 0.892280955446459,
  "rouge_w": 0.864255354021555,
  "lccs_f1": 0.8236828331743588,
  "timestamp": "20250715_204409"
}