{
  "samples_processed": 400,
  "exact_match": 0.8625,
  "f1_score": 0.9011666666666668,
  "rouge_w": 0.9020565476190476,
  "lccs_f1": 0.8562499999999998,
  "timestamp": "20250715_183520"
}