{
  "samples_processed": 1800,
  "exact_match": 0.8611111111111112,
  "f1_score": 0.8919206750040084,
  "timestamp": "20250714_105043"
}