{
  "samples_processed": 2450,
  "exact_match": 0.8661224489795918,
  "f1_score": 0.8954393373733112,
  "rouge_w": 0.8702549901745575,
  "lccs_f1": 0.8302299250702617,
  "timestamp": "20250715_201937"
}