{
  "samples_processed": 5600,
  "exact_match": 0.8692857142857143,
  "f1_score": 0.8966995906171331,
  "rouge_w": 0.8613695030945556,
  "lccs_f1": 0.8233985161663729,
  "timestamp": "20250715_225311"
}