{
  "samples_processed": 4450,
  "exact_match": 0.864943820224719,
  "f1_score": 0.8935391898987395,
  "timestamp": "20250714_125930"
}