{
  "total_samples": 50,
  "answerable_samples": 41,
  "impossible_samples": 9,
  "exact_match": 0.82,
  "f1_score": 0.836,
  "impossible_accuracy": 0.8888888888888888,
  "total_time": 156.08688855171204,
  "average_time_per_sample": 3.121737771034241,
  "samples_per_second": 0.3203344013320815
}