{
  "samples_processed": 4650,
  "exact_match": 0.8679569892473118,
  "f1_score": 0.8957560307427473,
  "rouge_w": 0.8636527425124826,
  "lccs_f1": 0.8244630673985499,
  "timestamp": "20250715_220616"
}