{
  "samples_processed": 2950,
  "exact_match": 0.8583050847457627,
  "f1_score": 0.888622217706963,
  "timestamp": "20250714_114819"
}