{
  "samples_processed": 900,
  "exact_match": 0.8622222222222222,
  "f1_score": 0.894418667752001,
  "timestamp": "20250714_100648"
}