{
  "samples_processed": 2050,
  "exact_match": 0.8585365853658536,
  "f1_score": 0.8886574103403373,
  "timestamp": "20250714_110423"
}