{
  "samples_processed": 2700,
  "exact_match": 0.8581481481481481,
  "f1_score": 0.8873118116451449,
  "timestamp": "20250714_113709"
}