{
  "samples_processed": 1700,
  "exact_match": 0.8729411764705882,
  "f1_score": 0.9011376727847318,
  "rouge_w": 0.8756377728384647,
  "lccs_f1": 0.8361429904198069,
  "timestamp": "20250715_194046"
}