{
  "samples_processed": 3600,
  "exact_match": 0.8608333333333333,
  "f1_score": 0.8903897630147624,
  "timestamp": "20250714_121930"
}