{
  "samples_processed": 1100,
  "exact_match": 0.8727272727272727,
  "f1_score": 0.903527275754548,
  "rouge_w": 0.8748290832756072,
  "lccs_f1": 0.8352116056848671,
  "timestamp": "20250715_191148"
}