{
  "samples_processed": 5700,
  "exact_match": 0.8696491228070176,
  "f1_score": 0.8971344197025316,
  "rouge_w": 0.8612355617856132,
  "lccs_f1": 0.8233795629321942,
  "timestamp": "20250715_225817"
}