{
  "samples_processed": 3200,
  "exact_match": 0.8571875,
  "f1_score": 0.8872653683122428,
  "timestamp": "20250714_115955"
}