{
  "samples_processed": 3150,
  "exact_match": 0.8574603174603175,
  "f1_score": 0.8878039720420668,
  "timestamp": "20250714_115756"
}