{
  "samples_processed": 1550,
  "exact_match": 0.8606451612903225,
  "f1_score": 0.8908049620630266,
  "timestamp": "20250714_103746"
}