{
  "samples_processed": 3600,
  "exact_match": 0.8658333333333333,
  "f1_score": 0.8940840633585728,
  "rouge_w": 0.8633376655419136,
  "lccs_f1": 0.8231746232162893,
  "timestamp": "20250715_211525"
}