{
  "samples_processed": 5400,
  "exact_match": 0.8661111111111112,
  "f1_score": 0.8939789644511867,
  "timestamp": "20250714_134546"
}