{
  "samples_processed": 4300,
  "exact_match": 0.8639534883720931,
  "f1_score": 0.893158774042494,
  "timestamp": "20250714_125217"
}