{
  "samples_processed": 3700,
  "exact_match": 0.8608108108108108,
  "f1_score": 0.8904377874377868,
  "timestamp": "20250714_122427"
}