{
  "samples_processed": 3300,
  "exact_match": 0.8575757575757575,
  "f1_score": 0.8874059559968644,
  "timestamp": "20250714_120450"
}