{
  "samples_processed": 4950,
  "exact_match": 0.8656565656565657,
  "f1_score": 0.8945277539519961,
  "timestamp": "20250714_132347"
}