{
  "samples_processed": 3100,
  "exact_match": 0.857741935483871,
  "f1_score": 0.8879298425588745,
  "timestamp": "20250714_115514"
}