{
  "samples_processed": 950,
  "exact_match": 0.8652631578947368,
  "f1_score": 0.8981193017508804,
  "rouge_w": 0.8679921549039195,
  "lccs_f1": 0.8289467714947587,
  "timestamp": "20250715_190355"
}