{
  "samples_processed": 1300,
  "exact_match": 0.8707692307692307,
  "f1_score": 0.9001769256384639,
  "rouge_w": 0.8723004331013378,
  "lccs_f1": 0.8323054245904918,
  "timestamp": "20250715_192122"
}