{
  "samples_processed": 1600,
  "exact_match": 0.861875,
  "f1_score": 0.891404806998557,
  "timestamp": "20250714_104037"
}