{
  "samples_processed": 2500,
  "exact_match": 0.8672,
  "f1_score": 0.895930550625845,
  "rouge_w": 0.8707165570377332,
  "lccs_f1": 0.8308253265688565,
  "timestamp": "20250715_202142"
}