{
  "samples_processed": 1050,
  "exact_match": 0.8561904761904762,
  "f1_score": 0.8897263794406647,
  "timestamp": "20250714_101421"
}