{
  "samples_processed": 500,
  "exact_match": 0.872,
  "f1_score": 0.9102476190476192,
  "rouge_w": 0.8939785714285715,
  "lccs_f1": 0.8503142857142857,
  "timestamp": "20250715_184033"
}