{
  "samples_processed": 1100,
  "exact_match": 0.860909090909091,
  "f1_score": 0.8929206349206344,
  "timestamp": "20250714_101649"
}