{
  "samples_processed": 5200,
  "exact_match": 0.8646153846153846,
  "f1_score": 0.8931388280522894,
  "timestamp": "20250714_133633"
}