{
  "samples_processed": 5000,
  "exact_match": 0.868,
  "f1_score": 0.8960120696297167,
  "rouge_w": 0.863488890363449,
  "lccs_f1": 0.8245496137196122,
  "timestamp": "20250715_222302"
}