{
  "samples_processed": 4800,
  "exact_match": 0.868125,
  "f1_score": 0.896058027076409,
  "rouge_w": 0.8637908264518245,
  "lccs_f1": 0.8246249132811618,
  "timestamp": "20250715_221346"
}