{
  "samples_processed": 1900,
  "exact_match": 0.858421052631579,
  "f1_score": 0.8890952760689604,
  "timestamp": "20250714_105553"
}