{
  "samples_processed": 5150,
  "exact_match": 0.8648543689320388,
  "f1_score": 0.893284882323717,
  "timestamp": "20250714_133353"
}