{
  "samples_processed": 4900,
  "exact_match": 0.8659183673469387,
  "f1_score": 0.8944106902168122,
  "timestamp": "20250714_132152"
}