{
  "samples_processed": 5100,
  "exact_match": 0.8680392156862745,
  "f1_score": 0.8961108058928128,
  "rouge_w": 0.8633938701042218,
  "lccs_f1": 0.8249384634972857,
  "timestamp": "20250715_222913"
}