{
  "samples_processed": 3450,
  "exact_match": 0.8640579710144928,
  "f1_score": 0.8929186361616026,
  "rouge_w": 0.8627146654930113,
  "lccs_f1": 0.8228971913754518,
  "timestamp": "20250715_210849"
}