{
  "samples_processed": 3750,
  "exact_match": 0.8664,
  "f1_score": 0.8944819706654996,
  "rouge_w": 0.8633805610366391,
  "lccs_f1": 0.8229228475228467,
  "timestamp": "20250715_212248"
}