{
  "samples_processed": 4400,
  "exact_match": 0.8652272727272727,
  "f1_score": 0.8938445594809222,
  "timestamp": "20250714_125657"
}