{
  "samples_processed": 5750,
  "exact_match": 0.8690434782608696,
  "f1_score": 0.8965912218500459,
  "rouge_w": 0.8607378612483471,
  "lccs_f1": 0.8228864073124941,
  "timestamp": "20250715_230103"
}