{
  "samples_processed": 3700,
  "exact_match": 0.865945945945946,
  "f1_score": 0.8939376472317645,
  "rouge_w": 0.8637415596092063,
  "lccs_f1": 0.8230974805974798,
  "timestamp": "20250715_212013"
}