{
  "total_samples": 50,
  "answerable_samples": 41,
  "impossible_samples": 9,
  "exact_match": 0.88,
  "f1_score": 0.8959999999999999,
  "impossible_accuracy": 0.8888888888888888,
  "total_time": 145.33714413642883,
  "average_time_per_sample": 2.906742882728577,
  "samples_per_second": 0.3440276764559561
}