{
  "samples_processed": 5650,
  "exact_match": 0.8658407079646018,
  "f1_score": 0.8939578543383857,
  "timestamp": "20250714_135701"
}