{
  "samples_processed": 1400,
  "exact_match": 0.8714285714285714,
  "f1_score": 0.8996274915560629,
  "rouge_w": 0.8713504021655281,
  "lccs_f1": 0.8318074180721235,
  "timestamp": "20250715_192554"
}