{
  "samples_processed": 1650,
  "exact_match": 0.8745454545454545,
  "f1_score": 0.9019196224650772,
  "rouge_w": 0.8747480083790242,
  "lccs_f1": 0.8355614648769728,
  "timestamp": "20250715_193809"
}