{
  "samples_processed": 700,
  "exact_match": 0.8728571428571429,
  "f1_score": 0.9069872667015526,
  "timestamp": "20250714_095650"
}