{
  "samples_processed": 2250,
  "exact_match": 0.8568888888888889,
  "f1_score": 0.8874391855058525,
  "timestamp": "20250714_111424"
}