{
  "samples_processed": 300,
  "exact_match": 0.8633333333333333,
  "f1_score": 0.9019523809523812,
  "rouge_w": 0.9034563492063491,
  "lccs_f1": 0.8609523809523809,
  "timestamp": "20250715_182945"
}