{
  "samples_processed": 550,
  "exact_match": 0.8636363636363636,
  "f1_score": 0.9051006771006772,
  "timestamp": "20250714_094921"
}