{
  "samples_processed": 5750,
  "exact_match": 0.8659130434782609,
  "f1_score": 0.8939296017991675,
  "timestamp": "20250714_140212"
}