{
  "samples_processed": 2400,
  "exact_match": 0.8591666666666666,
  "f1_score": 0.8888368992118993,
  "timestamp": "20250714_112203"
}