{
  "samples_processed": 5550,
  "exact_match": 0.865945945945946,
  "f1_score": 0.8939723829723832,
  "timestamp": "20250714_135236"
}