{
  "samples_processed": 4900,
  "exact_match": 0.8689795918367347,
  "f1_score": 0.896852761217707,
  "rouge_w": 0.8644940748915835,
  "lccs_f1": 0.8255645409012741,
  "timestamp": "20250715_221814"
}