{
  "samples_processed": 850,
  "exact_match": 0.8705882352941177,
  "f1_score": 0.9044862784274547,
  "rouge_w": 0.8707657417553611,
  "lccs_f1": 0.8305091367686521,
  "timestamp": "20250715_185811"
}