{
  "samples_processed": 1550,
  "exact_match": 0.8729032258064516,
  "f1_score": 0.9010972325165876,
  "rouge_w": 0.8748392777368108,
  "lccs_f1": 0.8350815593851646,
  "timestamp": "20250715_193302"
}