{
  "samples_processed": 3550,
  "exact_match": 0.8653521126760564,
  "f1_score": 0.893399801340149,
  "rouge_w": 0.8627743462772457,
  "lccs_f1": 0.8227686319939835,
  "timestamp": "20250715_211305"
}