{
  "samples_processed": 5150,
  "exact_match": 0.8679611650485437,
  "f1_score": 0.8958378854472515,
  "rouge_w": 0.8621742963923145,
  "lccs_f1": 0.8237470436790812,
  "timestamp": "20250715_223207"
}