{
  "samples_processed": 1300,
  "exact_match": 0.8584615384615385,
  "f1_score": 0.8897515262515259,
  "timestamp": "20250714_102558"
}