{
  "samples_processed": 3650,
  "exact_match": 0.8613698630136987,
  "f1_score": 0.8908410447999482,
  "timestamp": "20250714_122158"
}