{
  "samples_processed": 4800,
  "exact_match": 0.8654166666666666,
  "f1_score": 0.8941206351518846,
  "timestamp": "20250714_131718"
}