{
  "samples_processed": 3900,
  "exact_match": 0.8617948717948718,
  "f1_score": 0.8911376145222292,
  "timestamp": "20250714_123339"
}