{
  "samples_processed": 2200,
  "exact_match": 0.8554545454545455,
  "f1_score": 0.8860931063885612,
  "timestamp": "20250714_111155"
}