{
  "samples_processed": 2600,
  "exact_match": 0.8576923076923076,
  "f1_score": 0.887516112093035,
  "timestamp": "20250714_113149"
}