{
  "samples_processed": 2350,
  "exact_match": 0.8587234042553191,
  "f1_score": 0.8879618679193151,
  "timestamp": "20250714_111902"
}