{
  "samples_processed": 950,
  "exact_match": 0.8589473684210527,
  "f1_score": 0.8912738255896149,
  "timestamp": "20250714_101000"
}