{
  "samples_processed": 1850,
  "exact_match": 0.8708108108108108,
  "f1_score": 0.899802185802186,
  "rouge_w": 0.8745813425225188,
  "lccs_f1": 0.8352416497122379,
  "timestamp": "20250715_194749"
}