{
  "samples_processed": 3050,
  "exact_match": 0.8629508196721312,
  "f1_score": 0.8925722902405642,
  "rouge_w": 0.8637278560754931,
  "lccs_f1": 0.8233271118680956,
  "timestamp": "20250715_204911"
}