{
  "samples_processed": 5050,
  "exact_match": 0.8645544554455445,
  "f1_score": 0.8932047149769919,
  "timestamp": "20250714_132826"
}