{
  "samples_processed": 850,
  "exact_match": 0.8658823529411764,
  "f1_score": 0.8999727070315304,
  "timestamp": "20250714_100421"
}