{
  "samples_processed": 4850,
  "exact_match": 0.8688659793814433,
  "f1_score": 0.8966484941512227,
  "rouge_w": 0.8647826736018058,
  "lccs_f1": 0.825711254381356,
  "timestamp": "20250715_221605"
}