{
  "samples_processed": 4600,
  "exact_match": 0.8658695652173913,
  "f1_score": 0.8941991438513168,
  "timestamp": "20250714_130708"
}