{
  "samples_processed": 2800,
  "exact_match": 0.8582142857142857,
  "f1_score": 0.8885880904809474,
  "timestamp": "20250714_114125"
}