{
  "samples_processed": 4600,
  "exact_match": 0.8682608695652174,
  "f1_score": 0.8959635238305308,
  "rouge_w": 0.8633935331919661,
  "lccs_f1": 0.8242579558123022,
  "timestamp": "20250715_220358"
}