{
  "samples_processed": 2300,
  "exact_match": 0.8573913043478261,
  "f1_score": 0.8872774640818123,
  "timestamp": "20250714_111645"
}