{
  "samples_processed": 1750,
  "exact_match": 0.872,
  "f1_score": 0.9009718345146919,
  "rouge_w": 0.8734576459954609,
  "lccs_f1": 0.8347484287887649,
  "timestamp": "20250715_194307"
}