{
  "samples_processed": 3000,
  "exact_match": 0.8636666666666667,
  "f1_score": 0.8931318284112402,
  "rouge_w": 0.8643788758989734,
  "lccs_f1": 0.8240658970658971,
  "timestamp": "20250715_204617"
}