{
  "samples_processed": 5450,
  "exact_match": 0.8695412844036697,
  "f1_score": 0.8966598676852322,
  "rouge_w": 0.8620180719672085,
  "lccs_f1": 0.8241097505959882,
  "timestamp": "20250715_224616"
}