{
  "samples_processed": 600,
  "exact_match": 0.8766666666666667,
  "f1_score": 0.9117448107448107,
  "rouge_w": 0.8849532967032966,
  "lccs_f1": 0.8433003663003663,
  "timestamp": "20250715_184537"
}