{
  "samples_processed": 5800,
  "exact_match": 0.866551724137931,
  "f1_score": 0.8944704385652665,
  "timestamp": "20250714_140434"
}