{
  "samples_processed": 4500,
  "exact_match": 0.8653333333333333,
  "f1_score": 0.8937591248257906,
  "timestamp": "20250714_130208"
}