{
  "samples_processed": 5250,
  "exact_match": 0.8687619047619047,
  "f1_score": 0.8963616082641294,
  "rouge_w": 0.8624900240800797,
  "lccs_f1": 0.8243105920534479,
  "timestamp": "20250715_223725"
}