{
  "samples_processed": 4200,
  "exact_match": 0.8671428571428571,
  "f1_score": 0.8955178730388808,
  "rouge_w": 0.8612812109562806,
  "lccs_f1": 0.8215104141889846,
  "timestamp": "20250715_214321"
}