{
  "samples_processed": 3500,
  "exact_match": 0.8645714285714285,
  "f1_score": 0.8930197985021511,
  "rouge_w": 0.8624330274145398,
  "lccs_f1": 0.8224748505462787,
  "timestamp": "20250715_211105"
}