{
  "samples_processed": 3500,
  "exact_match": 0.8597142857142858,
  "f1_score": 0.8893151848151841,
  "timestamp": "20250714_121446"
}