{
  "samples_processed": 5200,
  "exact_match": 0.8680769230769231,
  "f1_score": 0.8959420083435922,
  "rouge_w": 0.8623697358500805,
  "lccs_f1": 0.8239674246693464,
  "timestamp": "20250715_223454"
}