{
  "samples_processed": 3350,
  "exact_match": 0.8582089552238806,
  "f1_score": 0.887981986504374,
  "timestamp": "20250714_120708"
}