{
  "samples_processed": 3950,
  "exact_match": 0.8655696202531645,
  "f1_score": 0.8939936877881771,
  "rouge_w": 0.861507869877564,
  "lccs_f1": 0.8210152927241525,
  "timestamp": "20250715_213130"
}