{
  "samples_processed": 1450,
  "exact_match": 0.8620689655172413,
  "f1_score": 0.8924696720903615,
  "timestamp": "20250714_103303"
}