{
  "samples_processed": 1350,
  "exact_match": 0.8718518518518519,
  "f1_score": 0.9007988801322133,
  "rouge_w": 0.8735732565667204,
  "lccs_f1": 0.8338249767661527,
  "timestamp": "20250715_192345"
}