{
  "samples_processed": 3800,
  "exact_match": 0.8618421052631579,
  "f1_score": 0.891676323676323,
  "timestamp": "20250714_122908"
}