{
  "samples_processed": 4400,
  "exact_match": 0.8686363636363637,
  "f1_score": 0.8964467143076761,
  "rouge_w": 0.8640614481206056,
  "lccs_f1": 0.824363836920654,
  "timestamp": "20250715_215331"
}