{
  "samples_processed": 3150,
  "exact_match": 0.8622222222222222,
  "f1_score": 0.8916087960177596,
  "rouge_w": 0.8617911692865003,
  "lccs_f1": 0.8220010307153164,
  "timestamp": "20250715_205422"
}