{
  "samples_processed": 350,
  "exact_match": 0.86,
  "f1_score": 0.899904761904762,
  "rouge_w": 0.902826530612245,
  "lccs_f1": 0.859047619047619,
  "timestamp": "20250715_183243"
}