{
  "samples_processed": 2550,
  "exact_match": 0.8580392156862745,
  "f1_score": 0.887532767885709,
  "timestamp": "20250714_112943"
}