{
  "samples_processed": 2050,
  "exact_match": 0.8678048780487805,
  "f1_score": 0.8968079346128129,
  "rouge_w": 0.8716411573441702,
  "lccs_f1": 0.8327085890357053,
  "timestamp": "20250715_195914"
}