{
  "samples_processed": 300,
  "exact_match": 0.8566666666666667,
  "f1_score": 0.8979047619047619,
  "timestamp": "20250714_093615"
}