{
  "samples_processed": 5700,
  "exact_match": 0.8659649122807017,
  "f1_score": 0.8940400953822011,
  "timestamp": "20250714_135934"
}