{
  "total_samples": 10,
  "answerable_samples": 8,
  "impossible_samples": 2,
  "exact_match": 1.0,
  "f1_score": 1.0,
  "rouge_w": 0.9958333333333332,
  "lccs_f1": 0.9,
  "impossible_accuracy": 1.0,
  "total_time": 19.888936042785645,
  "average_time_per_sample": 1.9888936042785645,
  "samples_per_second": 0.5027921040365214
}