{
  "total_samples": 100,
  "answerable_samples": 80,
  "impossible_samples": 20,
  "exact_match": 0.88,
  "f1_score": 0.9053333333333333,
  "rouge1": 0.41,
  "rouge2": 0.24,
  "rougeL": 0.41,
  "impossible_accuracy": 1.0,
  "total_time": 321.0650384426117,
  "average_time_per_sample": 3.210650384426117,
  "samples_per_second": 0.3114633735428479
}