{
  "samples_processed": 5650,
  "exact_match": 0.8693805309734514,
  "f1_score": 0.8969025709093387,
  "rouge_w": 0.8615414812114446,
  "lccs_f1": 0.8234537183563729,
  "timestamp": "20250715_225533"
}