{
  "samples_processed": 150,
  "exact_match": 0.8866666666666667,
  "f1_score": 0.9181587301587303,
  "rouge_w": 0.9238968253968254,
  "lccs_f1": 0.8761587301587304,
  "timestamp": "20250715_182204"
}