{
  "samples_processed": 4850,
  "exact_match": 0.8657731958762886,
  "f1_score": 0.8942843399441331,
  "timestamp": "20250714_131937"
}