{
  "samples_processed": 4050,
  "exact_match": 0.8607407407407407,
  "f1_score": 0.8903190746153701,
  "timestamp": "20250714_124018"
}