{
  "samples_processed": 2350,
  "exact_match": 0.8663829787234043,
  "f1_score": 0.8948346984679905,
  "rouge_w": 0.8718755360895536,
  "lccs_f1": 0.8310151747848872,
  "timestamp": "20250715_201357"
}