{
  "samples_processed": 150,
  "exact_match": 0.8933333333333333,
  "f1_score": 0.9237142857142858,
  "timestamp": "20250714_092906"
}