{
  "samples_processed": 100,
  "exact_match": 0.89,
  "f1_score": 0.9153333333333333,
  "rouge_w": 0.9048333333333335,
  "lccs_f1": 0.8556666666666666,
  "timestamp": "20250715_181901"
}