{
  "samples_processed": 1750,
  "exact_match": 0.8605714285714285,
  "f1_score": 0.8909415378272522,
  "timestamp": "20250714_104819"
}