{
  "samples_processed": 4150,
  "exact_match": 0.8621686746987952,
  "f1_score": 0.8913876912913049,
  "timestamp": "20250714_124507"
}