{
  "samples_processed": 4950,
  "exact_match": 0.8686868686868687,
  "f1_score": 0.8969451575690435,
  "rouge_w": 0.8644486801957093,
  "lccs_f1": 0.8255689394780288,
  "timestamp": "20250715_222022"
}