{
  "samples_processed": 4700,
  "exact_match": 0.8657446808510638,
  "f1_score": 0.8943886527184393,
  "timestamp": "20250714_131153"
}