{
  "samples_processed": 3900,
  "exact_match": 0.8661538461538462,
  "f1_score": 0.8941161139848918,
  "rouge_w": 0.8619904384482057,
  "lccs_f1": 0.8218049913049903,
  "timestamp": "20250715_212933"
}