{
  "samples_processed": 4200,
  "exact_match": 0.8628571428571429,
  "f1_score": 0.8920775203632338,
  "timestamp": "20250714_124652"
}