{
  "samples_processed": 1000,
  "exact_match": 0.865,
  "f1_score": 0.8975466699966697,
  "rouge_w": 0.8655897693809457,
  "lccs_f1": 0.8260660995866873,
  "timestamp": "20250715_190616"
}