{
  "samples_processed": 1500,
  "exact_match": 0.8726666666666667,
  "f1_score": 0.9004671402671404,
  "rouge_w": 0.8736950314391488,
  "lccs_f1": 0.8334953891424477,
  "timestamp": "20250715_193101"
}