{
  "samples_processed": 5400,
  "exact_match": 0.8692592592592593,
  "f1_score": 0.8966289405341695,
  "rouge_w": 0.8621447825101148,
  "lccs_f1": 0.8242712606323709,
  "timestamp": "20250715_224405"
}