{
  "samples_processed": 450,
  "exact_match": 0.8577777777777778,
  "f1_score": 0.901590286256953,
  "timestamp": "20250714_094346"
}