{
  "samples_processed": 3250,
  "exact_match": 0.8615384615384616,
  "f1_score": 0.8906948257373595,
  "rouge_w": 0.8600217706710916,
  "lccs_f1": 0.8202398268398265,
  "timestamp": "20250715_205940"
}