{
  "samples_processed": 3850,
  "exact_match": 0.867012987012987,
  "f1_score": 0.8950613449024445,
  "rouge_w": 0.8628539506358446,
  "lccs_f1": 0.8223738872959642,
  "timestamp": "20250715_212726"
}