{
  "samples_processed": 5450,
  "exact_match": 0.8662385321100917,
  "f1_score": 0.8938507170709007,
  "timestamp": "20250714_134755"
}