{
  "samples_processed": 4300,
  "exact_match": 0.8672093023255814,
  "f1_score": 0.8955888859582422,
  "rouge_w": 0.8623826445885266,
  "lccs_f1": 0.8225660966940026,
  "timestamp": "20250715_214841"
}