{
  "samples_processed": 4100,
  "exact_match": 0.8617073170731707,
  "f1_score": 0.8912826631363209,
  "timestamp": "20250714_124229"
}