{
  "samples_processed": 550,
  "exact_match": 0.8709090909090909,
  "f1_score": 0.9091761571761573,
  "rouge_w": 0.8850551115551116,
  "lccs_f1": 0.8423882783882783,
  "timestamp": "20250715_184312"
}