{
  "samples_processed": 5350,
  "exact_match": 0.8657943925233644,
  "f1_score": 0.8937673344308859,
  "timestamp": "20250714_134346"
}