{
  "samples_processed": 4250,
  "exact_match": 0.8635294117647059,
  "f1_score": 0.8925628828687644,
  "timestamp": "20250714_124934"
}