{
  "samples_processed": 650,
  "exact_match": 0.8830769230769231,
  "f1_score": 0.9154567483798253,
  "rouge_w": 0.8922004790081713,
  "lccs_f1": 0.8492003381234151,
  "timestamp": "20250715_184820"
}