{
  "samples_processed": 3250,
  "exact_match": 0.8566153846153847,
  "f1_score": 0.886904509166047,
  "timestamp": "20250714_120236"
}