{
  "samples_processed": 2100,
  "exact_match": 0.8661904761904762,
  "f1_score": 0.895058539344254,
  "rouge_w": 0.8687250980423249,
  "lccs_f1": 0.830104416280887,
  "timestamp": "20250715_200142"
}