{
  "samples_processed": 4100,
  "exact_match": 0.8660975609756097,
  "f1_score": 0.8946443252268209,
  "rouge_w": 0.8620218095974905,
  "lccs_f1": 0.822010668193594,
  "timestamp": "20250715_213828"
}