{
  "samples_processed": 5300,
  "exact_match": 0.8692452830188679,
  "f1_score": 0.8966600836578639,
  "rouge_w": 0.8623014389472488,
  "lccs_f1": 0.824364265713321,
  "timestamp": "20250715_223939"
}