{
  "samples_processed": 4700,
  "exact_match": 0.867872340425532,
  "f1_score": 0.8958495352512869,
  "rouge_w": 0.8639738126275981,
  "lccs_f1": 0.824471036056141,
  "timestamp": "20250715_220845"
}