{
  "samples_processed": 4150,
  "exact_match": 0.8665060240963856,
  "f1_score": 0.8948694939991886,
  "rouge_w": 0.8611339966304525,
  "lccs_f1": 0.8213438729944743,
  "timestamp": "20250715_214127"
}