{
  "samples_processed": 2700,
  "exact_match": 0.8629629629629629,
  "f1_score": 0.8912599386815077,
  "rouge_w": 0.8647071774146936,
  "lccs_f1": 0.8250261878039661,
  "timestamp": "20250715_203250"
}