{
  "pearson_correlation": 0.0,
  "spearman_correlation": 0.0,
  "mse": 0.0,
  "mae": 0.0,
  "valid_predictions": 0,
  "total_samples": 5,
  "total_time_seconds": 0.1619737148284912,
  "average_time_per_sample": 0.03239474296569824,
  "samples_per_second": 30.869206187524565,
  "is_intermediate": true,
  "timestamp": "20250716_062935"
}