{
  "pearson_correlation": 0.0,
  "spearman_correlation": 0.0,
  "mse": 0.0,
  "mae": 0.0,
  "valid_predictions": 0,
  "total_samples": 10,
  "total_time_seconds": 0.3681652545928955,
  "average_time_per_sample": 0.036816525459289554,
  "samples_per_second": 27.16171576554028,
  "is_intermediate": true,
  "timestamp": "20250716_063119"
}