{
  "pearson_correlation": 0.0,
  "spearman_correlation": 0.0,
  "mse": 0.0,
  "mae": 0.0,
  "valid_predictions": 0,
  "total_samples": 10,
  "total_time_seconds": 0.36791348457336426,
  "average_time_per_sample": 0.03679134845733643,
  "samples_per_second": 27.180303031284893,
  "is_intermediate": true,
  "timestamp": "20250716_062935"
}