{
  "pearson_correlation": 0.0,
  "spearman_correlation": 0.0,
  "mse": 0.0,
  "mae": 0.0,
  "valid_predictions": 0,
  "total_samples": 5,
  "total_time_seconds": 0.16200518608093262,
  "average_time_per_sample": 0.03240103721618652,
  "samples_per_second": 30.863209511713777,
  "is_intermediate": true,
  "timestamp": "20250716_063119"
}