{
  "pearson_correlation": 0.0,
  "spearman_correlation": 0.0,
  "mse": 0.0,
  "mae": 0.0,
  "valid_predictions": 0,
  "total_samples": 10,
  "total_time_seconds": 0.4109964370727539,
  "average_time_per_sample": 0.04109964370727539,
  "samples_per_second": 24.331111167831892
}