{
  "accuracy": 0.32133333333333336,
  "correct_predictions": 964,
  "total_samples": 3000,
  "total_time_seconds": 13097.746569871902,
  "average_time_per_sample": 4.365915523290634,
  "samples_per_second": 0.22904703370125906,
  "is_intermediate": true,
  "timestamp": "20250711_095832"
}