{
  "accuracy": 0.32,
  "correct_predictions": 16,
  "total_samples": 50,
  "total_time_seconds": 193.69949984550476,
  "average_time_per_sample": 3.8739899969100953,
  "samples_per_second": 0.2581317971387646,
  "is_intermediate": true,
  "timestamp": "20250711_062328"
}