{
  "accuracy": 0.3209090909090909,
  "correct_predictions": 706,
  "total_samples": 2200,
  "total_time_seconds": 9653.695190191269,
  "average_time_per_sample": 4.388043268268759,
  "samples_per_second": 0.22789200991505631,
  "is_intermediate": true,
  "timestamp": "20250711_090108"
}