{
  "accuracy": 0.31333333333333335,
  "correct_predictions": 47,
  "total_samples": 150,
  "total_time_seconds": 625.4136681556702,
  "average_time_per_sample": 4.169424454371135,
  "samples_per_second": 0.23984125649563492,
  "is_intermediate": true,
  "timestamp": "20250711_063039"
}