{
  "accuracy": 0.32047619047619047,
  "correct_predictions": 673,
  "total_samples": 2100,
  "total_time_seconds": 9192.967634916306,
  "average_time_per_sample": 4.377603635674431,
  "samples_per_second": 0.22843548279490042,
  "is_intermediate": true,
  "timestamp": "20250711_085327"
}