{
  "accuracy": 0.3292307692307692,
  "correct_predictions": 214,
  "total_samples": 650,
  "total_time_seconds": 2725.1442742347717,
  "average_time_per_sample": 4.192529652668879,
  "samples_per_second": 0.2385194817557033,
  "is_intermediate": true,
  "timestamp": "20250711_070539"
}