{
  "accuracy": 0.332,
  "correct_predictions": 166,
  "total_samples": 500,
  "total_time_seconds": 2097.1903994083405,
  "average_time_per_sample": 4.194380798816681,
  "samples_per_second": 0.23841421367419002,
  "is_intermediate": true,
  "timestamp": "20250711_065511"
}