{
  "accuracy": 0.32521739130434785,
  "correct_predictions": 374,
  "total_samples": 1150,
  "total_time_seconds": 4919.83206820488,
  "average_time_per_sample": 4.2781148419172865,
  "samples_per_second": 0.23374781579071366,
  "is_intermediate": true,
  "timestamp": "20250711_074214"
}