{
  "accuracy": 0.3203448275862069,
  "correct_predictions": 929,
  "total_samples": 2900,
  "total_time_seconds": 12638.333834171295,
  "average_time_per_sample": 4.35804614971424,
  "samples_per_second": 0.22946062653915925,
  "is_intermediate": true,
  "timestamp": "20250711_095052"
}