{
  "accuracy": 0.32461538461538464,
  "correct_predictions": 422,
  "total_samples": 1300,
  "total_time_seconds": 5578.907051563263,
  "average_time_per_sample": 4.291466962740971,
  "samples_per_second": 0.23302055187238288,
  "is_intermediate": true,
  "timestamp": "20250711_075313"
}