{
  "accuracy": 0.33166666666666667,
  "correct_predictions": 199,
  "total_samples": 600,
  "total_time_seconds": 2521.3468601703644,
  "average_time_per_sample": 4.202244766950607,
  "samples_per_second": 0.23796805171005259,
  "is_intermediate": true,
  "timestamp": "20250711_070215"
}