{
  "accuracy": 0.32545454545454544,
  "correct_predictions": 358,
  "total_samples": 1100,
  "total_time_seconds": 4705.3108332157135,
  "average_time_per_sample": 4.277555302923376,
  "samples_per_second": 0.2337783919045016,
  "is_intermediate": true,
  "timestamp": "20250711_073839"
}