{
  "accuracy": 0.33375,
  "correct_predictions": 267,
  "total_samples": 800,
  "total_time_seconds": 3375.3985788822174,
  "average_time_per_sample": 4.219248223602772,
  "samples_per_second": 0.23700904687378418,
  "is_intermediate": true,
  "timestamp": "20250711_071629"
}